Rk,Player,Sh,Cmp,SCA,GCA,CrdY,Touches,Tkl,Date,Age,Nation,Team,Team,Opp,Comp,Result,Start,Min,Performance_Gls,Performance_Ast,Performance_G+A,Performance_G-PK,Performance_PK,Performance_PKatt,Performance_PKm,Standard_Sh,Standard_G/Sh,Standard_G/SoT,Standard_SoT,Standard_SoT%,Standard_Dist,Standard_FK,Total_Cmp,Total_Att,Total_Cmp%,Total_KP,Total_2025-01-03 00:00:00,Total_PPA,Total_CrsPA,Total_PrgP,Total_TotDist,Total_PrgDist,Short_Cmp,Short_Att,Short_Cmp%,Medium_Cmp,Medium_Att,Medium_Cmp%,Long_Cmp,Long_Att,Long_Cmp%,Long_SCA,SCA Types_PassLive,SCA Types_PassDead,SCA Types_TO,SCA Types_Sh,SCA Types_Fld,SCA Types_Def,SCA Types_GCA,GCA Types_PassLive,GCA Types_PassDead,GCA Types_TO,GCA Types_Sh,GCA Types_Fld,GCA Types_Def,Touches_Touches,Touches_Def Pen,Touches_Def 3rd,Touches_Mid 3rd,Touches_Att 3rd,Touches_Att Pen,Touches_Live,Tackles_Tkl,Tackles_TklW,Tackles_Def 3rd,Tackles_Mid 3rd,Tackles_Att 3rd,Challenges_Tkl,Challenges_Att,Challenges_Tkl%,Challenges_Lost,Blocks_Blocks,Blocks_Sh,Blocks_Pass,Blocks_Int,Blocks_Tkl+Int,Blocks_Clr,Blocks_Err,Performance_CrdY,Performance_CrdR,Performance_2CrdY,Performance_Fls,Performance_Fld,Performance_Pos.,Performance_Match Report
401,Tommy Doyle,0,15,1,0,0,20,0,2025-02-25,23-131,eng ENG,Wolves,,Fulham,eng Premier League,L 1-2,N,14,0,0,0,0,0,0,0,0,,,0,,,0,15,16,93.8,0,4,0,0,1,300,98,6,7,85.7,8,8,100.0,1,1,100.0,1,1,0,0,0,0,0,0,0,0,0,0,0,0,20,2,4,13,3,0,20,0,0,0,0,0,0,1,0.0,1,1,1,0,0,0,1,0,0,0,0,0,0,MF,Match Report
402,João Gomes,4,56,3,0,0,78,2,2025-02-25,24-013,br BRA,Wolves,,Fulham,eng Premier League,L 1-2,Y,90,1,0,1,1,0,0,0,4,0.25,1.0,1,25.0,12.6,0,56,68,82.4,1,3,1,0,8,737,154,35,41,85.4,17,20,85.0,1,4,25.0,3,1,0,0,1,0,1,0,0,0,0,0,0,0,78,0,4,41,35,6,78,2,1,0,2,0,2,3,66.7,1,0,0,0,1,3,0,0,0,0,0,0,0,MF,Match Report
403,José Sá,0,20,0,0,0,25,0,2025-02-25,32-039,pt POR,Wolves,,Fulham,eng Premier League,L 1-2,Y,90,0,0,0,0,0,0,0,0,,,0,,,0,20,23,87.0,0,0,0,0,0,408,303,8,8,100.0,10,10,100.0,2,4,50.0,0,0,0,0,0,0,0,0,0,0,0,0,0,0,25,19,25,0,0,0,25,0,0,0,0,0,0,0,,0,0,0,0,0,0,0,0,0,0,0,0,0,GK,Match Report
404,Pablo Sarabia,0,12,1,0,0,17,0,2025-02-25,32-290,es ESP,Wolves,,Fulham,eng Premier League,L 1-2,N,14,0,0,0,0,0,0,0,0,,,0,,,0,12,15,80.0,1,3,0,0,4,291,120,3,3,100.0,5,6,83.3,4,6,66.7,1,0,1,0,0,0,0,0,0,0,0,0,0,0,17,0,2,9,6,0,17,0,0,0,0,0,0,0,,0,0,0,0,0,0,0,0,0,0,0,0,0,"MF,FW",Match Report
405,Rayan Aït-Nouri,1,54,5,1,0,70,5,2025-02-25,23-264,dz ALG,Wolves,,Fulham,eng Premier League,L 1-2,Y,90,0,0,0,0,0,0,0,1,0.0,,0,0.0,10.9,0,54,60,90.0,1,1,1,1,5,798,180,33,34,97.1,18,21,85.7,2,4,50.0,5,5,0,0,0,0,0,1,1,0,0,0,0,0,70,0,12,32,27,5,70,5,3,2,2,1,3,4,75.0,1,1,0,1,2,7,0,0,0,0,0,0,0,DF,Match Report
406,Nélson Semedo,0,57,5,0,0,79,0,2025-02-25,31-101,pt POR,Wolves,,Fulham,eng Premier League,L 1-2,Y,90,0,1,1,0,0,0,0,0,,,0,,,0,57,71,80.3,3,2,1,1,5,806,183,36,38,94.7,19,27,70.4,1,5,20.0,5,3,0,2,0,0,0,0,0,0,0,0,0,0,79,2,10,36,35,1,79,0,0,0,0,0,0,0,,0,0,0,0,0,0,0,1,0,0,0,0,3,DF,Match Report
407,Matt Doherty,1,78,0,0,0,94,1,2025-02-25,33-040,ie IRL,Wolves,,Fulham,eng Premier League,L 1-2,Y,90,0,0,0,0,0,0,0,1,0.0,,0,0.0,14.9,0,78,90,86.7,0,11,0,0,5,1441,611,28,29,96.6,44,47,93.6,6,12,50.0,0,0,0,0,0,0,0,0,0,0,0,0,0,0,94,5,26,62,7,1,94,1,1,1,0,0,0,0,,0,1,1,0,0,1,1,0,0,0,0,0,1,DF,Match Report
408,Matheus Cunha,6,24,7,0,0,58,1,2025-02-25,25-274,br BRA,Wolves,,Fulham,eng Premier League,L 1-2,Y,90,0,0,0,0,0,0,0,6,0.0,0.0,3,50.0,22.2,2,24,43,55.8,1,3,2,0,3,320,86,17,20,85.0,7,12,58.3,0,8,0.0,7,1,0,1,1,4,0,0,0,0,0,0,0,0,58,0,0,24,35,3,58,1,0,0,0,1,1,2,50.0,1,0,0,0,0,1,0,0,0,0,0,1,6,"MF,FW",Match Report
409,André,1,65,3,0,0,77,0,2025-02-25,23-224,br BRA,Wolves,,Fulham,eng Premier League,L 1-2,Y,76,0,0,0,0,0,0,0,1,0.0,,0,0.0,27.0,0,65,68,95.6,0,10,0,0,6,1127,287,23,23,100.0,37,38,97.4,4,5,80.0,3,2,0,1,0,0,0,0,0,0,0,0,0,0,77,1,11,58,8,0,77,0,0,0,0,0,0,1,0.0,1,2,0,2,1,1,0,0,0,0,0,1,3,MF,Match Report
410,Santiago Bueno,0,47,0,0,1,52,1,2025-02-25,26-108,uy URU,Wolves,,Fulham,eng Premier League,L 1-2,Y,76,0,0,0,0,0,0,0,0,,,0,,,0,47,48,97.9,0,1,0,0,3,919,270,11,12,91.7,35,35,100.0,1,1,100.0,0,0,0,0,0,0,0,0,0,0,0,0,0,0,52,4,21,31,0,0,52,1,0,0,1,0,0,0,,0,1,1,0,0,1,2,0,1,0,0,3,1,DF,Match Report
411,Toti Gomes,0,70,1,0,0,83,0,2025-02-25,26-040,pt POR,Wolves,,Fulham,eng Premier League,L 1-2,Y,90,0,0,0,0,0,0,0,0,,,0,,,0,70,76,92.1,1,6,1,1,2,1124,319,32,32,100.0,35,37,94.6,3,7,42.9,1,1,0,0,0,0,0,0,0,0,0,0,0,0,83,6,27,51,5,0,83,0,0,0,0,0,0,0,,0,0,0,0,1,1,5,0,0,0,0,1,0,DF,Match Report
412,Jørgen Strand Larsen,0,1,0,0,0,8,0,2025-02-25,25-019,no NOR,Wolves,,Fulham,eng Premier League,L 1-2,N,26,0,0,0,0,0,0,0,0,,,0,,,0,1,4,25.0,0,0,0,0,0,13,0,1,3,33.3,0,0,,0,0,,0,0,0,0,0,0,0,0,0,0,0,0,0,0,8,0,0,2,6,0,8,0,0,0,0,0,0,0,,0,0,0,0,0,0,0,0,0,0,0,0,0,FW,Match Report
413,Jean-Ricner Bellegarde,1,25,2,1,0,45,1,2025-03-08,26-254,ht HAI,Wolves,,Everton,eng Premier League,D 1-1,Y,82,0,1,1,0,0,0,0,1,0.0,,0,0.0,28.7,0,25,28,89.3,3,1,2,1,2,383,35,14,14,100.0,10,10,100.0,1,3,33.3,2,2,0,0,0,0,0,1,1,0,0,0,0,0,45,0,5,18,23,3,45,1,0,0,1,0,0,0,,0,0,0,0,0,1,0,0,0,0,0,1,2,"MF,FW",Match Report
414,Hwang Hee-chan,0,4,0,0,0,6,0,2025-03-08,29-041,kr KOR,Wolves,,Everton,eng Premier League,D 1-1,N,17,0,0,0,0,0,0,0,0,,,0,,,0,4,5,80.0,0,0,0,0,0,35,3,4,4,100.0,0,0,,0,1,0.0,0,0,0,0,0,0,0,0,0,0,0,0,0,0,6,0,0,2,4,0,6,0,0,0,0,0,0,0,,0,0,0,0,0,0,0,0,0,0,0,0,0,"MF,FW",Match Report
415,Marshall Munetsi,3,7,0,0,0,16,0,2025-03-08,28-259,zw ZIM,Wolves,,Everton,eng Premier League,D 1-1,Y,45,1,0,1,1,0,0,0,3,0.33,0.5,2,66.7,14.6,0,7,9,77.8,0,0,0,0,1,94,18,5,5,100.0,2,2,100.0,0,0,,0,0,0,0,0,0,0,0,0,0,0,0,0,0,16,1,3,7,6,3,16,0,0,0,0,0,0,1,0.0,1,1,1,0,0,0,0,0,0,0,0,1,2,"MF,FW",Match Report
416,Tommy Doyle,0,1,0,0,0,1,0,2025-03-08,23-142,eng ENG,Wolves,,Everton,eng Premier League,D 1-1,N,1,0,0,0,0,0,0,0,0,,,0,,,0,1,1,100.0,0,0,0,0,0,17,1,0,0,,1,1,100.0,0,0,,0,0,0,0,0,0,0,0,0,0,0,0,0,0,1,0,0,1,0,0,1,0,0,0,0,0,0,0,,0,0,0,0,0,0,0,0,0,0,0,0,0,MF,Match Report
417,Emmanuel Agbadou,0,80,1,0,0,103,0,2025-03-08,27-264,ci CIV,Wolves,,Everton,eng Premier League,D 1-1,Y,90,0,0,0,0,0,0,0,0,,,0,,,0,80,91,87.9,0,3,0,0,5,1601,564,17,19,89.5,53,57,93.0,8,12,66.7,1,1,0,0,0,0,0,0,0,0,0,0,0,0,103,14,48,55,0,0,103,0,0,0,0,0,0,0,,0,1,1,0,1,1,9,0,0,0,0,0,1,DF,Match Report
418,João Gomes,1,52,5,0,0,69,1,2025-03-08,24-024,br BRA,Wolves,,Everton,eng Premier League,D 1-1,Y,90,0,0,0,0,0,0,0,1,0.0,,0,0.0,13.4,0,52,61,85.2,2,5,0,0,4,705,134,30,31,96.8,18,22,81.8,1,4,25.0,5,3,0,1,0,1,0,0,0,0,0,0,0,0,69,1,9,37,23,1,69,1,1,1,0,0,0,1,0.0,1,1,1,0,0,1,0,0,0,0,0,1,4,MF,Match Report
419,José Sá,0,26,0,0,0,32,0,2025-03-08,32-050,pt POR,Wolves,,Everton,eng Premier League,D 1-1,Y,90,0,0,0,0,0,0,0,0,,,0,,,0,26,31,83.9,0,1,0,0,0,597,361,3,3,100.0,19,19,100.0,4,9,44.4,0,0,0,0,0,0,0,0,0,0,0,0,0,0,32,28,32,0,0,0,32,0,0,0,0,0,0,0,,0,0,0,0,0,0,0,0,0,0,0,0,0,GK,Match Report
420,Pablo Sarabia,2,29,3,0,0,47,1,2025-03-08,32-301,es ESP,Wolves,,Everton,eng Premier League,D 1-1,N,45,0,0,0,0,0,0,0,2,0.0,,0,0.0,25.0,1,29,43,67.4,1,6,2,0,8,508,169,15,15,100.0,9,14,64.3,5,10,50.0,3,3,0,0,0,0,0,0,0,0,0,0,0,0,47,0,1,22,24,1,47,1,1,0,1,0,1,1,100.0,0,0,0,0,0,1,0,0,0,0,0,2,0,"MF,FW",Match Report
421,Rayan Aït-Nouri,1,44,5,1,0,64,1,2025-03-08,23-275,dz ALG,Wolves,,Everton,eng Premier League,D 1-1,Y,90,0,0,0,0,0,0,0,1,0.0,,0,0.0,22.0,0,44,49,89.8,1,4,1,0,2,663,204,29,29,100.0,12,12,100.0,2,4,50.0,5,1,2,1,1,0,0,1,1,0,0,0,0,0,64,2,16,20,28,3,64,1,1,0,1,0,0,0,,0,1,1,0,0,1,2,0,0,0,0,2,2,DF,Match Report
422,Nélson Semedo,0,38,0,0,0,56,1,2025-03-08,31-112,pt POR,Wolves,,Everton,eng Premier League,D 1-1,Y,89,0,0,0,0,0,0,0,0,,,0,,,0,38,47,80.9,0,0,1,0,2,536,111,21,21,100.0,13,17,76.5,1,4,25.0,0,0,0,0,0,0,0,0,0,0,0,0,0,0,56,1,6,21,29,2,56,1,0,0,1,0,1,2,50.0,1,1,0,1,1,2,1,0,0,0,0,0,0,DF,Match Report
423,Matt Doherty,0,71,1,0,0,94,2,2025-03-08,33-051,ie IRL,Wolves,,Everton,eng Premier League,D 1-1,Y,90,0,0,0,0,0,0,0,0,,,0,,,0,71,82,86.6,0,7,2,0,9,1278,421,32,32,100.0,32,37,86.5,6,12,50.0,1,1,0,0,0,0,0,0,0,0,0,0,0,0,94,3,30,53,12,0,94,2,1,0,2,0,0,0,,0,1,0,1,1,3,6,0,0,0,0,0,2,DF,Match Report
424,Gonçalo Guedes,0,3,0,0,0,6,0,2025-03-08,28-099,pt POR,Wolves,,Everton,eng Premier League,D 1-1,N,8,0,0,0,0,0,0,0,0,,,0,,,0,3,6,50.0,0,0,0,0,0,37,0,2,2,100.0,1,3,33.3,0,1,0.0,0,0,0,0,0,0,0,0,0,0,0,0,0,0,6,0,1,4,1,0,6,0,0,0,0,0,0,0,,0,0,0,0,0,0,0,0,0,0,0,0,0,"MF,FW",Match Report
425,André,2,73,1,0,1,86,5,2025-03-08,23-235,br BRA,Wolves,,Everton,eng Premier League,D 1-1,Y,89,0,0,0,0,0,0,0,2,0.0,,0,0.0,16.4,0,73,75,97.3,1,12,0,0,11,1361,401,31,31,100.0,32,32,100.0,8,9,88.9,1,1,0,0,0,0,0,0,0,0,0,0,0,0,86,2,11,67,9,1,86,5,3,1,4,0,2,3,66.7,1,2,0,2,1,6,1,0,1,0,0,1,3,MF,Match Report
426,Santiago Bueno,0,1,0,0,0,2,0,2025-03-08,26-119,uy URU,Wolves,,Everton,eng Premier League,D 1-1,N,1,0,0,0,0,0,0,0,0,,,0,,,0,1,2,50.0,0,0,0,0,0,31,7,0,0,,0,0,,1,2,50.0,0,0,0,0,0,0,0,0,0,0,0,0,0,0,2,0,0,2,0,0,2,0,0,0,0,0,0,0,,0,0,0,0,0,0,0,0,0,0,0,0,0,DF,Match Report
427,Toti Gomes,0,86,1,0,0,104,1,2025-03-08,26-051,pt POR,Wolves,,Everton,eng Premier League,D 1-1,Y,90,0,0,0,0,0,0,0,0,,,0,,,0,86,94,91.5,0,6,0,0,8,1378,501,36,38,94.7,43,43,100.0,4,7,57.1,1,1,0,0,0,0,0,0,0,0,0,0,0,0,104,9,37,64,3,0,104,1,1,0,1,0,0,1,0.0,1,4,3,1,2,3,5,0,0,0,0,0,0,DF,Match Report
428,Jørgen Strand Larsen,1,14,2,0,1,22,0,2025-03-08,25-030,no NOR,Wolves,,Everton,eng Premier League,D 1-1,Y,73,0,0,0,0,0,0,0,1,0.0,0.0,1,100.0,10.5,0,14,19,73.7,1,2,0,0,2,182,29,7,9,77.8,5,7,71.4,0,0,,2,2,0,0,0,0,0,0,0,0,0,0,0,0,22,0,3,9,10,3,22,0,0,0,0,0,0,0,,0,0,0,0,0,0,0,0,1,0,0,3,0,FW,Match Report
429,Jean-Ricner Bellegarde,0,12,2,2,0,30,4,2025-03-15,26-261,ht HAI,Wolves,@,Southampton,eng Premier League,W 2-1,Y,68,0,2,2,0,0,0,0,0,,,0,,,0,12,20,60.0,2,0,1,1,1,188,51,7,9,77.8,3,6,50.0,2,4,50.0,2,2,0,0,0,0,0,2,2,0,0,0,0,0,30,0,9,11,11,2,30,4,2,4,0,0,0,0,,0,1,0,1,0,4,1,0,0,0,0,0,3,"MF,FW",Match Report
430,Nasser Djiga,0,0,0,0,0,2,0,2025-03-15,22-120,bf BFA,Wolves,@,Southampton,eng Premier League,W 2-1,N,1,0,0,0,0,0,0,0,0,,,0,,,0,0,0,,0,0,0,0,0,0,0,0,0,,0,0,,0,0,,0,0,0,0,0,0,0,0,0,0,0,0,0,0,2,0,0,2,0,0,2,0,0,0,0,0,0,0,,0,0,0,0,0,0,1,0,0,0,0,0,0,DF,Match Report
431,Marshall Munetsi,0,19,3,1,0,28,2,2025-03-15,28-266,zw ZIM,Wolves,@,Southampton,eng Premier League,W 2-1,Y,68,0,0,0,0,0,0,0,0,,,0,,,0,19,22,86.4,1,0,0,0,2,223,40,11,13,84.6,5,5,100.0,0,1,0.0,3,2,0,0,0,0,1,1,1,0,0,0,0,0,28,0,2,19,7,0,28,2,1,1,0,1,1,1,100.0,0,0,0,0,0,2,0,0,0,0,0,1,1,"MF,FW",Match Report
432,Tommy Doyle,0,1,0,0,0,3,0,2025-03-15,23-149,eng ENG,Wolves,@,Southampton,eng Premier League,W 2-1,N,1,0,0,0,0,0,0,0,0,,,0,,,0,1,2,50.0,0,0,0,0,0,3,2,0,0,,0,1,0.0,0,0,,0,0,0,0,0,0,0,0,0,0,0,0,0,0,3,0,0,1,2,1,3,0,0,0,0,0,0,0,,0,0,0,0,0,0,0,0,0,0,0,0,0,MF,Match Report
433,Emmanuel Agbadou,0,41,0,0,0,60,1,2025-03-15,27-271,ci CIV,Wolves,@,Southampton,eng Premier League,W 2-1,Y,90,0,0,0,0,0,0,0,0,,,0,,,0,41,49,83.7,0,0,0,0,1,739,257,16,18,88.9,22,24,91.7,3,7,42.9,0,0,0,0,0,0,0,0,0,0,0,0,0,0,60,13,35,26,0,0,60,1,0,1,0,0,1,2,50.0,1,2,2,0,0,1,9,0,0,0,0,0,0,DF,Match Report
434,João Gomes,1,47,1,0,0,63,6,2025-03-15,24-031,br BRA,Wolves,@,Southampton,eng Premier League,W 2-1,Y,90,0,0,0,0,0,0,0,1,0.0,,0,0.0,15.8,0,47,50,94.0,1,4,2,0,4,521,171,25,26,96.2,12,12,100.0,1,2,50.0,1,1,0,0,0,0,0,0,0,0,0,0,0,0,63,2,10,42,13,2,63,6,6,2,4,0,1,4,25.0,3,0,0,0,2,8,0,0,0,0,0,2,1,MF,Match Report
435,José Sá,0,12,0,0,0,24,0,2025-03-15,32-057,pt POR,Wolves,@,Southampton,eng Premier League,W 2-1,Y,90,0,0,0,0,0,0,0,0,,,0,,,0,12,22,54.5,0,2,0,0,0,432,358,3,3,100.0,2,3,66.7,7,16,43.8,0,0,0,0,0,0,0,0,0,0,0,0,0,0,24,19,24,0,0,0,24,0,0,0,0,0,0,0,,0,0,0,0,0,0,0,0,0,0,0,0,1,GK,Match Report
436,Pablo Sarabia,0,10,0,0,0,14,0,2025-03-15,32-308,es ESP,Wolves,@,Southampton,eng Premier League,W 2-1,N,22,0,0,0,0,0,0,0,0,,,0,,,0,10,11,90.9,0,2,1,0,2,159,55,4,4,100.0,3,4,75.0,1,1,100.0,0,0,0,0,0,0,0,0,0,0,0,0,0,0,14,0,1,10,3,0,14,0,0,0,0,0,0,0,,0,0,0,0,0,0,0,0,0,0,0,1,0,"MF,FW",Match Report
437,Rayan Aït-Nouri,2,40,0,0,0,61,5,2025-03-15,23-282,dz ALG,Wolves,@,Southampton,eng Premier League,W 2-1,Y,79,0,0,0,0,0,0,0,2,0.0,0.0,1,50.0,22.6,0,40,44,90.9,0,3,0,0,3,556,199,21,22,95.5,15,15,100.0,2,3,66.7,0,0,0,0,0,0,0,0,0,0,0,0,0,0,61,3,16,33,13,1,61,5,5,3,2,0,2,6,33.3,4,0,0,0,1,6,3,0,0,0,0,0,0,DF,Match Report
438,Nélson Semedo,0,27,0,0,0,46,2,2025-03-15,31-119,pt POR,Wolves,@,Southampton,eng Premier League,W 2-1,Y,89,0,0,0,0,0,0,0,0,,,0,,,0,27,34,79.4,0,1,0,0,2,286,91,21,22,95.5,4,6,66.7,0,2,0.0,0,0,0,0,0,0,0,0,0,0,0,0,0,0,46,4,15,24,9,0,46,2,1,0,2,0,1,3,33.3,2,1,0,1,3,5,6,0,0,0,0,1,0,DF,Match Report
439,Matt Doherty,0,39,1,1,0,59,3,2025-03-15,33-058,ie IRL,Wolves,@,Southampton,eng Premier League,W 2-1,Y,90,0,0,0,0,0,0,0,0,,,0,,,0,39,47,83.0,0,1,0,0,1,706,294,13,16,81.3,24,26,92.3,2,3,66.7,1,1,0,0,0,0,0,1,1,0,0,0,0,0,59,4,32,26,2,0,59,3,0,1,2,0,2,3,66.7,1,1,1,0,1,4,6,0,0,0,0,0,1,DF,Match Report
440,Gonçalo Guedes,0,6,1,0,0,10,0,2025-03-15,28-106,pt POR,Wolves,@,Southampton,eng Premier League,W 2-1,N,22,0,0,0,0,0,0,0,0,,,0,,,0,6,9,66.7,0,0,2,0,2,63,37,4,4,100.0,2,3,66.7,0,0,,1,1,0,0,0,0,0,0,0,0,0,0,0,0,10,0,2,3,6,3,10,0,0,0,0,0,0,1,0.0,1,0,0,0,0,0,0,0,0,0,0,0,1,"MF,FW",Match Report
441,André,0,47,0,0,0,57,3,2025-03-15,23-242,br BRA,Wolves,@,Southampton,eng Premier League,W 2-1,Y,90,0,0,0,0,0,0,0,0,,,0,,,0,47,51,92.2,0,5,0,0,3,629,144,29,30,96.7,17,17,100.0,0,1,0.0,0,0,0,0,0,0,0,0,0,0,0,0,0,0,57,3,19,36,3,0,57,3,1,2,1,0,3,7,42.9,4,2,1,1,1,4,0,0,0,0,0,3,0,MF,Match Report
442,Santiago Bueno,0,0,0,0,0,1,0,2025-03-15,26-126,uy URU,Wolves,@,Southampton,eng Premier League,W 2-1,N,11,0,0,0,0,0,0,0,0,,,0,,,0,0,0,,0,0,0,0,0,0,0,0,0,,0,0,,0,0,,0,0,0,0,0,0,0,0,0,0,0,0,0,0,1,1,1,0,0,0,1,0,0,0,0,0,0,0,,0,0,0,0,0,0,1,0,0,0,0,0,0,DF,Match Report
443,Toti Gomes,0,50,1,0,0,70,1,2025-03-15,26-058,pt POR,Wolves,@,Southampton,eng Premier League,W 2-1,Y,90,0,0,0,0,0,0,0,0,,,0,,,0,50,55,90.9,1,3,1,1,2,808,258,27,28,96.4,19,20,95.0,2,4,50.0,1,1,0,0,0,0,0,0,0,0,0,0,0,0,70,8,31,32,7,1,70,1,1,1,0,0,1,3,33.3,2,2,0,2,1,2,7,0,0,0,0,2,0,DF,Match Report
444,Jørgen Strand Larsen,2,17,1,0,0,29,0,2025-03-15,25-037,no NOR,Wolves,@,Southampton,eng Premier League,W 2-1,Y,89,2,0,2,2,0,0,0,2,1.0,1.0,2,100.0,15.8,0,17,21,81.0,0,1,0,0,1,178,50,12,13,92.3,4,5,80.0,0,0,,1,1,0,0,0,0,0,0,0,0,0,0,0,0,29,0,3,16,10,2,29,0,0,0,0,0,0,0,,0,0,0,0,0,0,1,0,0,0,0,3,1,FW,Match Report
445,Jean-Ricner Bellegarde,1,29,2,0,0,51,1,2025-04-01,26-278,ht HAI,Wolves,,West Ham,eng Premier League,W 1-0,Y,89,0,0,0,0,0,0,0,1,0.0,,0,0.0,29.4,0,29,36,80.6,0,0,0,0,0,386,32,20,23,87.0,4,7,57.1,2,3,66.7,2,1,0,0,0,1,0,0,0,0,0,0,0,0,51,1,6,24,22,1,51,1,1,1,0,0,0,0,,0,1,0,1,0,1,1,0,0,0,0,2,3,"MF,FW",Match Report
446,Marshall Munetsi,2,6,0,0,0,23,5,2025-04-01,28-283,zw ZIM,Wolves,,West Ham,eng Premier League,W 1-0,Y,90,0,0,0,0,0,0,0,2,0.0,,0,0.0,14.8,0,6,10,60.0,0,0,0,0,0,50,17,3,4,75.0,1,4,25.0,0,0,,0,0,0,0,0,0,0,0,0,0,0,0,0,0,23,1,4,13,6,2,23,5,1,1,2,2,2,2,100.0,0,0,0,0,1,6,1,0,0,0,0,0,0,"MF,FW",Match Report
447,Emmanuel Agbadou,1,48,0,0,0,65,2,2025-04-01,27-288,ci CIV,Wolves,,West Ham,eng Premier League,W 1-0,Y,90,0,0,0,0,0,0,0,1,0.0,,0,0.0,34.3,1,48,54,88.9,0,2,0,0,1,875,238,17,17,100.0,28,32,87.5,3,5,60.0,0,0,0,0,0,0,0,0,0,0,0,0,0,0,65,6,35,27,3,0,65,2,2,1,1,0,0,0,,0,0,0,0,1,3,6,0,0,0,0,1,1,DF,Match Report
448,João Gomes,1,47,4,0,1,68,3,2025-04-01,24-048,br BRA,Wolves,,West Ham,eng Premier League,W 1-0,Y,90,0,0,0,0,0,0,0,1,0.0,,0,0.0,29.8,0,47,53,88.7,0,6,1,0,6,647,161,28,29,96.6,12,13,92.3,2,3,66.7,4,3,0,1,0,0,0,0,0,0,0,0,0,0,68,0,9,39,21,3,68,3,2,2,1,0,2,2,100.0,0,3,0,3,3,6,0,0,1,0,0,2,1,MF,Match Report
449,José Sá,0,13,0,0,1,27,0,2025-04-01,32-074,pt POR,Wolves,,West Ham,eng Premier League,W 1-0,Y,90,0,0,0,0,0,0,0,0,,,0,,,0,13,26,50.0,0,1,0,0,0,398,269,0,0,,10,10,100.0,3,16,18.8,0,0,0,0,0,0,0,0,0,0,0,0,0,0,27,22,27,0,0,0,27,0,0,0,0,0,0,0,,0,0,0,0,0,0,1,0,1,0,0,0,0,GK,Match Report
450,Pablo Sarabia,0,4,0,0,0,8,1,2025-04-01,32-325,es ESP,Wolves,,West Ham,eng Premier League,W 1-0,N,20,0,0,0,0,0,0,0,0,,,0,,,0,4,4,100.0,0,0,0,0,0,124,39,1,1,100.0,0,0,,2,2,100.0,0,0,0,0,0,0,0,0,0,0,0,0,0,0,8,0,2,2,4,1,8,1,0,0,1,0,1,1,100.0,0,0,0,0,0,1,0,0,0,0,0,1,1,"MF,FW",Match Report
451,Boubacar Traoré,0,0,0,0,0,2,2,2025-04-01,23-224,ml MLI,Wolves,,West Ham,eng Premier League,W 1-0,N,1,0,0,0,0,0,0,0,0,,,0,,,0,0,0,,0,0,0,0,0,0,0,0,0,,0,0,,0,0,,0,0,0,0,0,0,0,0,0,0,0,0,0,0,2,0,0,2,0,0,2,2,0,0,2,0,1,1,100.0,0,0,0,0,0,2,0,0,0,0,0,0,0,MF,Match Report
452,Rayan Aït-Nouri,0,40,2,0,0,67,3,2025-04-01,23-299,dz ALG,Wolves,,West Ham,eng Premier League,W 1-0,Y,81,0,0,0,0,0,0,0,0,,,0,,,0,40,50,80.0,3,3,1,0,3,510,183,27,30,90.0,8,9,88.9,2,5,40.0,2,0,2,0,0,0,0,0,0,0,0,0,0,0,67,1,18,32,17,1,67,3,3,1,1,1,1,1,100.0,0,2,0,2,1,4,1,0,0,0,0,0,0,DF,Match Report
453,Nélson Semedo,0,36,1,0,0,56,0,2025-04-01,31-136,pt POR,Wolves,,West Ham,eng Premier League,W 1-0,Y,90,0,0,0,0,0,0,0,0,,,0,,,0,36,47,76.6,0,1,3,0,3,482,179,20,21,95.2,14,16,87.5,0,2,0.0,1,0,0,0,0,1,0,0,0,0,0,0,0,0,56,1,7,17,32,0,56,0,0,0,0,0,0,0,,0,0,0,0,2,2,1,0,0,0,0,3,3,DF,Match Report
454,Matt Doherty,0,41,1,0,1,64,2,2025-04-01,33-075,ie IRL,Wolves,,West Ham,eng Premier League,W 1-0,Y,90,0,0,0,0,0,0,0,0,,,0,,,0,41,52,78.8,1,1,0,0,3,698,196,18,21,85.7,20,22,90.9,3,6,50.0,1,1,0,0,0,0,0,0,0,0,0,0,0,0,64,9,22,37,9,1,64,2,2,1,1,0,1,1,100.0,0,1,1,0,1,3,9,0,1,0,0,2,0,DF,Match Report
455,André,1,43,2,0,1,51,0,2025-04-01,23-259,br BRA,Wolves,,West Ham,eng Premier League,W 1-0,Y,70,0,0,0,0,0,0,0,1,0.0,,0,0.0,25.5,0,43,46,93.5,0,1,0,0,1,553,151,23,25,92.0,13,13,100.0,1,2,50.0,2,1,0,0,0,0,1,0,0,0,0,0,0,0,51,0,7,40,4,0,51,0,0,0,0,0,0,1,0.0,1,2,0,2,2,2,0,0,1,0,0,3,1,MF,Match Report
456,Santiago Bueno,0,0,0,0,0,3,0,2025-04-01,26-143,uy URU,Wolves,,West Ham,eng Premier League,W 1-0,N,9,0,0,0,0,0,0,0,0,,,0,,,0,0,0,,0,0,0,0,0,0,0,0,0,,0,0,,0,0,,0,0,0,0,0,0,0,0,0,0,0,0,0,0,3,1,3,0,0,0,3,0,0,0,0,0,0,0,,0,0,0,0,0,0,2,0,0,0,0,0,0,DF,Match Report
457,Toti Gomes,1,37,0,0,0,70,4,2025-04-01,26-075,pt POR,Wolves,,West Ham,eng Premier League,W 1-0,Y,90,0,0,0,0,0,0,0,1,0.0,0.0,1,100.0,9.4,0,37,48,77.1,0,3,0,0,2,674,245,12,14,85.7,23,26,88.5,1,4,25.0,0,0,0,0,0,0,0,0,0,0,0,0,0,0,70,10,34,34,3,1,70,4,2,2,2,0,3,3,100.0,0,1,0,1,1,5,12,1,0,0,0,0,0,DF,Match Report
458,Jørgen Strand Larsen,2,15,3,0,0,34,0,2025-04-01,25-054,no NOR,Wolves,,West Ham,eng Premier League,W 1-0,Y,90,1,0,1,1,0,0,0,2,0.5,1.0,1,50.0,17.8,0,15,21,71.4,3,2,0,0,2,165,30,9,9,100.0,4,8,50.0,0,0,,3,2,0,1,0,0,0,0,0,0,0,0,0,0,34,2,4,14,16,4,34,0,0,0,0,0,0,1,0.0,1,1,1,0,0,0,1,0,0,0,0,2,2,FW,Match Report
459,Jean-Ricner Bellegarde,1,21,4,0,0,42,2,2025-04-05,26-282,ht HAI,Wolves,@,Ipswich Town,eng Premier League,W 2-1,Y,64,0,0,0,0,0,0,0,1,0.0,,0,0.0,17.5,0,21,32,65.6,3,0,2,0,3,360,83,10,12,83.3,8,11,72.7,2,6,33.3,4,1,2,1,0,0,0,0,0,0,0,0,0,0,42,1,5,20,18,2,42,2,1,1,1,0,1,2,50.0,1,0,0,0,0,2,1,0,0,0,0,4,0,"MF,FW",Match Report
460,Nasser Djiga,0,0,0,0,0,0,0,2025-04-05,22-141,bf BFA,Wolves,@,Ipswich Town,eng Premier League,W 2-1,N,1,0,0,0,0,0,0,0,0,,,0,,,0,0,0,,0,0,0,0,0,0,0,0,0,,0,0,,0,0,,0,0,0,0,0,0,0,0,0,0,0,0,0,0,0,0,0,0,0,0,0,0,0,0,0,0,0,0,,0,0,0,0,0,0,0,0,0,0,0,0,0,DF,Match Report
461,Marshall Munetsi,3,13,1,0,0,40,2,2025-04-05,28-287,zw ZIM,Wolves,@,Ipswich Town,eng Premier League,W 2-1,Y,90,0,0,0,0,0,0,0,3,0.0,0.0,1,33.3,19.8,0,13,19,68.4,0,1,0,0,0,150,8,8,10,80.0,4,6,66.7,0,0,,1,1,0,0,0,0,0,0,0,0,0,0,0,0,40,4,6,21,13,2,40,2,1,0,2,0,2,2,100.0,0,2,0,2,0,2,6,0,0,0,0,3,1,"MF,FW",Match Report
462,Emmanuel Agbadou,1,54,5,1,0,74,1,2025-04-05,27-292,ci CIV,Wolves,@,Ipswich Town,eng Premier League,W 2-1,Y,90,0,0,0,0,0,0,0,1,0.0,,0,0.0,8.0,0,54,64,84.4,2,6,1,0,3,1129,511,16,19,84.2,28,30,93.3,9,14,64.3,5,5,0,0,0,0,0,1,1,0,0,0,0,0,74,5,27,44,4,2,74,1,1,0,1,0,0,0,,0,2,2,0,0,1,7,0,0,0,0,2,0,DF,Match Report
463,João Gomes,4,45,3,0,0,71,1,2025-04-05,24-052,br BRA,Wolves,@,Ipswich Town,eng Premier League,W 2-1,Y,90,0,0,0,0,0,0,0,4,0.0,,0,0.0,19.8,0,45,52,86.5,0,3,2,0,4,613,128,28,28,100.0,9,13,69.2,3,5,60.0,3,2,0,0,1,0,0,0,0,0,0,0,0,0,71,0,15,33,24,3,71,1,1,0,1,0,0,0,,0,2,0,2,0,1,0,0,0,0,0,0,3,MF,Match Report
464,Rodrigo Gomes,0,11,2,0,0,14,0,2025-04-05,21-272,pt POR,Wolves,@,Ipswich Town,eng Premier League,W 2-1,N,26,0,0,0,0,0,0,0,0,,,0,,,0,11,14,78.6,1,1,1,1,1,178,89,6,8,75.0,5,6,83.3,0,0,,2,2,0,0,0,0,0,0,0,0,0,0,0,0,14,0,3,4,9,1,14,0,0,0,0,0,0,0,,0,0,0,0,1,1,0,0,0,0,0,0,0,"DF,FW",Match Report
465,José Sá,0,12,0,0,0,21,0,2025-04-05,32-078,pt POR,Wolves,@,Ipswich Town,eng Premier League,W 2-1,Y,90,0,0,0,0,0,0,0,0,,,0,,,0,12,21,57.1,0,0,0,0,0,359,299,3,3,100.0,5,5,100.0,4,13,30.8,0,0,0,0,0,0,0,0,0,0,0,0,0,0,21,14,21,0,0,0,21,0,0,0,0,0,0,0,,0,0,0,0,0,0,0,0,0,0,0,0,1,GK,Match Report
466,Pablo Sarabia,1,16,4,1,0,19,0,2025-04-05,32-329,es ESP,Wolves,@,Ipswich Town,eng Premier League,W 2-1,N,26,1,1,2,1,0,0,0,1,1.0,1.0,1,100.0,18.0,0,16,19,84.2,3,1,2,2,0,267,64,6,7,85.7,7,8,87.5,2,2,100.0,4,3,0,1,0,0,0,1,1,0,0,0,0,0,19,0,1,9,10,3,19,0,0,0,0,0,0,0,,0,0,0,0,0,0,0,0,0,0,0,0,1,"MF,FW",Match Report
467,Rayan Aït-Nouri,4,38,8,0,0,60,2,2025-04-05,23-303,dz ALG,Wolves,@,Ipswich Town,eng Premier League,W 2-1,Y,87,0,0,0,0,0,0,0,4,0.0,0.0,1,25.0,11.1,0,38,46,82.6,5,0,0,0,1,558,277,20,23,87.0,10,12,83.3,4,5,80.0,8,2,3,2,0,1,0,0,0,0,0,0,0,0,60,2,14,17,29,8,60,2,0,0,1,1,2,2,100.0,0,1,0,1,0,2,2,0,0,0,0,0,1,DF,Match Report
468,Nélson Semedo,1,30,2,0,0,45,1,2025-04-05,31-140,pt POR,Wolves,@,Ipswich Town,eng Premier League,W 2-1,Y,90,0,0,0,0,0,0,0,1,0.0,,0,0.0,15.9,0,30,34,88.2,0,1,2,1,4,439,199,13,15,86.7,14,15,93.3,1,2,50.0,2,2,0,0,0,0,0,0,0,0,0,0,0,0,45,4,14,21,10,2,45,1,1,0,1,0,1,2,50.0,1,0,0,0,2,3,3,0,0,0,0,0,1,DF,Match Report
469,Matt Doherty,1,20,2,0,0,30,0,2025-04-05,33-079,ie IRL,Wolves,@,Ipswich Town,eng Premier League,W 2-1,Y,64,0,0,0,0,0,0,0,1,0.0,,0,0.0,12.2,0,20,23,87.0,0,1,1,0,2,407,77,7,7,100.0,10,11,90.9,3,5,60.0,2,1,0,1,0,0,0,0,0,0,0,0,0,0,30,2,13,13,5,1,30,0,0,0,0,0,0,0,,0,0,0,0,1,1,3,1,0,0,0,1,0,DF,Match Report
470,André,0,51,4,1,1,65,3,2025-04-05,23-263,br BRA,Wolves,@,Ipswich Town,eng Premier League,W 2-1,Y,90,0,0,0,0,0,0,0,0,,,0,,,0,51,55,92.7,1,4,1,0,7,760,194,26,28,92.9,21,22,95.5,2,2,100.0,4,4,0,0,0,0,0,1,1,0,0,0,0,0,65,0,18,42,7,1,65,3,1,0,3,0,1,3,33.3,2,2,0,2,1,4,0,0,1,0,0,3,2,MF,Match Report
471,Santiago Bueno,0,0,0,0,0,0,0,2025-04-05,26-147,uy URU,Wolves,@,Ipswich Town,eng Premier League,W 2-1,N,3,0,0,0,0,0,0,0,0,,,0,,,0,0,0,,0,0,0,0,0,0,0,0,0,,0,0,,0,0,,0,0,0,0,0,0,0,0,0,0,0,0,0,0,0,0,0,0,0,0,0,0,0,0,0,0,0,0,,0,0,0,0,0,0,0,0,0,0,0,0,0,DF,Match Report
472,Toti Gomes,3,44,3,0,0,68,1,2025-04-05,26-079,pt POR,Wolves,@,Ipswich Town,eng Premier League,W 2-1,Y,90,0,0,0,0,0,0,0,3,0.0,0.0,1,33.3,4.0,0,44,55,80.0,1,4,1,1,6,721,302,25,25,100.0,15,20,75.0,4,9,44.4,3,2,0,0,1,0,0,0,0,0,0,0,0,0,68,5,24,36,9,3,68,1,1,1,0,0,1,1,100.0,0,0,0,0,0,1,8,0,0,0,0,1,0,DF,Match Report
473,Jørgen Strand Larsen,3,13,2,1,1,37,0,2025-04-05,25-058,no NOR,Wolves,@,Ipswich Town,eng Premier League,W 2-1,Y,89,1,0,1,1,0,0,0,3,0.33,0.5,2,66.7,7.8,0,13,21,61.9,0,0,0,0,0,162,21,10,12,83.3,3,5,60.0,0,0,,2,1,0,0,1,0,0,1,1,0,0,0,0,0,37,2,2,18,17,10,37,0,0,0,0,0,0,0,,0,0,0,0,0,0,2,0,1,0,0,2,0,FW,Match Report
474,Jean-Ricner Bellegarde,0,6,2,1,0,15,2,2025-04-13,26-290,ht HAI,Wolves,,Tottenham,eng Premier League,W 4-2,Y,41,0,0,0,0,0,0,0,0,,,0,,,0,6,9,66.7,0,0,0,0,0,78,9,4,4,100.0,1,2,50.0,0,1,0.0,2,1,0,0,0,1,0,1,0,0,0,0,1,0,15,2,7,3,5,0,15,2,2,2,0,0,2,3,66.7,1,0,0,0,0,2,2,0,0,0,0,0,2,"MF,FW",Match Report
475,Hwang Hee-chan,0,4,0,0,0,6,0,2025-04-13,29-077,kr KOR,Wolves,,Tottenham,eng Premier League,W 4-2,N,8,0,0,0,0,0,0,0,0,,,0,,,0,4,4,100.0,0,1,0,0,1,40,18,4,4,100.0,0,0,,0,0,,0,0,0,0,0,0,0,0,0,0,0,0,0,0,6,0,2,1,3,1,6,0,0,0,0,0,0,0,,0,0,0,0,0,0,0,0,0,0,0,0,0,"MF,FW",Match Report
476,Marshall Munetsi,1,8,3,0,0,28,1,2025-04-13,28-295,zw ZIM,Wolves,,Tottenham,eng Premier League,W 4-2,Y,90,0,0,0,0,0,0,0,1,0.0,0.0,1,100.0,9.4,0,8,13,61.5,1,0,0,0,1,108,12,5,7,71.4,3,4,75.0,0,0,,3,2,0,0,0,1,0,0,0,0,0,0,0,0,28,2,5,15,8,4,28,1,1,0,1,0,1,1,100.0,0,2,0,2,1,2,1,0,0,0,0,1,1,"MF,FW",Match Report
477,Emmanuel Agbadou,1,42,2,1,0,63,3,2025-04-13,27-300,ci CIV,Wolves,,Tottenham,eng Premier League,W 4-2,Y,90,0,0,0,0,0,0,0,1,0.0,,0,0.0,10.2,0,42,49,85.7,0,2,0,0,0,944,442,13,14,92.9,23,23,100.0,6,12,50.0,2,2,0,0,0,0,0,1,1,0,0,0,0,0,63,11,41,22,1,1,63,3,3,2,1,0,1,1,100.0,0,3,1,2,1,4,6,0,0,0,0,0,1,DF,Match Report
478,João Gomes,2,32,0,0,0,45,3,2025-04-13,24-060,br BRA,Wolves,,Tottenham,eng Premier League,W 4-2,Y,82,0,0,0,0,0,0,0,2,0.0,,0,0.0,26.3,0,32,37,86.5,0,1,0,0,1,384,72,24,25,96.0,6,6,100.0,1,3,33.3,0,0,0,0,0,0,0,0,0,0,0,0,0,0,45,0,11,24,13,1,45,3,3,2,1,0,0,3,0.0,3,1,0,1,0,3,1,0,0,0,0,3,3,MF,Match Report
479,Rodrigo Gomes,0,6,1,0,0,11,0,2025-04-13,21-280,pt POR,Wolves,,Tottenham,eng Premier League,W 4-2,N,21,0,0,0,0,0,0,0,0,,,0,,,0,6,7,85.7,0,0,0,0,1,68,23,3,4,75.0,2,2,100.0,0,0,,1,1,0,0,0,0,0,0,0,0,0,0,0,0,11,0,4,3,5,0,11,0,0,0,0,0,0,0,,0,0,0,0,0,0,2,0,0,0,0,0,0,"DF,FW",Match Report
480,José Sá,0,11,0,0,0,25,0,2025-04-13,32-086,pt POR,Wolves,,Tottenham,eng Premier League,W 4-2,Y,90,0,0,0,0,0,0,0,0,,,0,,,0,11,23,47.8,0,0,0,0,0,356,259,3,3,100.0,3,3,100.0,5,15,33.3,0,0,0,0,0,0,0,0,0,0,0,0,0,0,25,19,24,1,0,0,25,0,0,0,0,0,0,0,,0,0,0,0,0,0,0,0,0,0,0,0,0,GK,Match Report
481,Pablo Sarabia,1,19,2,0,0,31,1,2025-04-13,32-337,es ESP,Wolves,,Tottenham,eng Premier League,W 4-2,N,49,0,0,0,0,0,0,0,1,0.0,,0,0.0,10.2,0,19,25,76.0,2,2,1,0,1,208,76,13,15,86.7,2,4,50.0,1,3,33.3,2,1,1,0,0,0,0,0,0,0,0,0,0,0,31,0,3,13,15,2,31,1,0,0,0,1,1,1,100.0,0,1,0,1,0,1,1,0,0,0,0,1,1,"MF,FW",Match Report
482,Rayan Aït-Nouri,1,27,4,2,0,39,2,2025-04-13,23-311,dz ALG,Wolves,,Tottenham,eng Premier League,W 4-2,Y,69,1,1,2,1,0,0,0,1,1.0,1.0,1,100.0,18.1,0,27,32,84.4,3,1,2,2,1,340,125,20,21,95.2,5,5,100.0,2,5,40.0,4,4,0,0,0,0,0,2,2,0,0,0,0,0,39,1,13,10,16,2,39,2,2,2,0,0,0,0,,0,1,0,1,0,2,1,0,0,0,0,0,2,DF,Match Report
483,Nélson Semedo,1,22,0,0,0,45,4,2025-04-13,31-148,pt POR,Wolves,,Tottenham,eng Premier League,W 4-2,Y,90,0,0,0,0,0,0,0,1,0.0,,0,0.0,21.7,0,22,28,78.6,0,3,1,0,3,321,92,11,14,78.6,8,11,72.7,2,2,100.0,0,0,0,0,0,0,0,0,0,0,0,0,0,0,45,3,14,20,12,1,45,4,1,3,0,1,1,2,50.0,1,0,0,0,3,7,3,1,0,0,0,1,0,DF,Match Report
484,Matt Doherty,0,9,0,0,0,14,0,2025-04-13,33-087,ie IRL,Wolves,,Tottenham,eng Premier League,W 4-2,Y,45,0,0,0,0,0,0,0,0,,,0,,,0,9,11,81.8,0,0,0,0,0,170,23,4,4,100.0,4,5,80.0,1,2,50.0,0,0,0,0,0,0,0,0,0,0,0,0,0,0,14,3,6,8,0,0,14,0,0,0,0,0,0,0,,0,1,1,0,0,0,2,0,0,0,0,1,1,DF,Match Report
485,Matheus Cunha,2,11,6,2,0,19,1,2025-04-13,25-321,br BRA,Wolves,,Tottenham,eng Premier League,W 4-2,N,21,1,0,1,1,0,0,0,2,0.5,1.0,1,50.0,23.1,1,11,14,78.6,2,0,0,0,3,181,62,6,6,100.0,4,4,100.0,1,3,33.3,6,2,0,2,0,1,1,2,0,0,1,0,0,1,19,1,1,12,8,2,19,1,1,0,1,0,0,0,,0,0,0,0,0,1,1,0,0,0,0,0,1,"MF,FW",Match Report
486,André,0,41,2,0,0,55,1,2025-04-13,23-271,br BRA,Wolves,,Tottenham,eng Premier League,W 4-2,Y,90,0,0,0,0,0,0,0,0,,,0,,,0,41,45,91.1,0,3,0,0,3,590,156,21,22,95.5,17,20,85.0,1,1,100.0,2,2,0,0,0,0,0,0,0,0,0,0,0,0,55,1,14,41,4,0,55,1,0,1,0,0,0,0,,0,2,0,2,2,3,0,0,0,0,0,1,1,MF,Match Report
487,Santiago Bueno,0,13,0,0,0,21,1,2025-04-13,26-155,uy URU,Wolves,,Tottenham,eng Premier League,W 4-2,N,45,0,0,0,0,0,0,0,0,,,0,,,0,13,15,86.7,0,0,0,0,0,238,70,4,5,80.0,6,6,100.0,2,3,66.7,0,0,0,0,0,0,0,0,0,0,0,0,0,0,21,5,11,9,1,0,21,1,1,0,1,0,1,1,100.0,0,0,0,0,0,1,4,0,0,0,0,1,0,DF,Match Report
488,Toti Gomes,0,36,0,0,1,53,1,2025-04-13,26-087,pt POR,Wolves,,Tottenham,eng Premier League,W 4-2,Y,90,0,0,0,0,0,0,0,0,,,0,,,0,36,45,80.0,0,2,0,0,1,563,179,18,19,94.7,15,16,93.8,2,8,25.0,0,0,0,0,0,0,0,0,0,0,0,0,0,0,53,3,26,26,1,0,53,1,1,1,0,0,0,1,0.0,1,0,0,0,2,3,6,0,1,0,0,2,1,DF,Match Report
489,Jørgen Strand Larsen,4,8,1,0,0,23,1,2025-04-13,25-066,no NOR,Wolves,,Tottenham,eng Premier League,W 4-2,Y,69,1,0,1,1,0,0,0,4,0.25,0.5,2,50.0,8.4,0,8,13,61.5,0,0,0,0,1,106,5,6,8,75.0,0,0,,1,2,50.0,1,0,0,0,0,0,1,0,0,0,0,0,0,0,23,0,0,10,13,5,23,1,1,0,0,1,0,0,,0,0,0,0,0,1,0,0,0,0,0,1,1,FW,Match Report
490,Nasser Djiga,0,0,0,0,0,0,0,2025-04-20,22-156,bf BFA,Wolves,@,Manchester Utd,eng Premier League,W 1-0,N,1,0,0,0,0,0,0,0,0,,,0,,,0,0,0,,0,0,0,0,0,0,0,0,0,,0,0,,0,0,,0,0,0,0,0,0,0,0,0,0,0,0,0,0,0,0,0,0,0,0,0,0,0,0,0,0,0,0,,0,0,0,0,0,0,0,0,0,0,0,0,0,DF,Match Report
491,Marshall Munetsi,0,13,0,0,0,31,1,2025-04-20,28-302,zw ZIM,Wolves,@,Manchester Utd,eng Premier League,W 1-0,Y,90,0,0,0,0,0,0,0,0,,,0,,,0,13,20,65.0,0,0,0,0,1,110,33,9,12,75.0,2,3,66.7,0,0,,0,0,0,0,0,0,0,0,0,0,0,0,0,0,31,2,4,20,9,1,31,1,1,0,1,0,0,1,0.0,1,1,0,1,1,2,1,0,0,0,0,2,0,"MF,FW",Match Report
492,Daniel Bentley,0,20,0,0,0,35,0,2025-04-20,31-281,eng ENG,Wolves,@,Manchester Utd,eng Premier League,W 1-0,Y,90,0,0,0,0,0,0,0,0,,,0,,,0,20,34,58.8,0,0,0,0,0,552,422,2,2,100.0,12,12,100.0,6,20,30.0,0,0,0,0,0,0,0,0,0,0,0,0,0,0,35,30,35,0,0,0,35,0,0,0,0,0,0,0,,0,0,0,0,0,0,0,0,0,0,0,0,0,GK,Match Report
493,Emmanuel Agbadou,0,44,0,0,0,60,1,2025-04-20,27-307,ci CIV,Wolves,@,Manchester Utd,eng Premier League,W 1-0,Y,90,0,0,0,0,0,0,0,0,,,0,,,0,44,50,88.0,0,2,0,0,1,937,307,11,14,78.6,27,28,96.4,6,8,75.0,0,0,0,0,0,0,0,0,0,0,0,0,0,0,60,11,34,25,1,0,60,1,0,0,1,0,0,1,0.0,1,1,1,0,0,1,6,0,0,0,0,2,0,DF,Match Report
494,João Gomes,0,36,1,0,0,53,4,2025-04-20,24-067,br BRA,Wolves,@,Manchester Utd,eng Premier League,W 1-0,Y,90,0,0,0,0,0,0,0,0,,,0,,,0,36,44,81.8,0,0,0,0,1,386,51,27,29,93.1,2,3,66.7,1,3,33.3,1,1,0,0,0,0,0,0,0,0,0,0,0,0,53,0,12,29,13,0,53,4,1,2,1,1,2,4,50.0,2,1,0,1,0,4,0,0,0,0,0,2,0,MF,Match Report
495,Rodrigo Gomes,0,3,1,0,0,7,0,2025-04-20,21-287,pt POR,Wolves,@,Manchester Utd,eng Premier League,W 1-0,N,17,0,0,0,0,0,0,0,0,,,0,,,0,3,6,50.0,1,0,0,0,0,44,4,1,1,100.0,2,3,66.7,0,0,,1,1,0,0,0,0,0,0,0,0,0,0,0,0,7,0,2,1,4,2,7,0,0,0,0,0,0,0,,0,0,0,0,0,0,0,0,0,0,0,0,1,"DF,FW",Match Report
496,Pablo Sarabia,1,1,0,0,1,6,0,2025-04-20,32-344,es ESP,Wolves,@,Manchester Utd,eng Premier League,W 1-0,N,17,1,0,1,1,0,0,0,1,1.0,1.0,1,100.0,25.3,1,1,4,25.0,0,0,0,0,0,9,8,1,1,100.0,0,0,,0,1,0.0,0,0,0,0,0,0,0,0,0,0,0,0,0,0,6,1,3,2,2,0,6,0,0,0,0,0,0,0,,0,0,0,0,0,0,1,0,1,0,0,0,0,"MF,FW",Match Report
497,Rayan Aït-Nouri,0,29,0,0,1,46,1,2025-04-20,23-318,dz ALG,Wolves,@,Manchester Utd,eng Premier League,W 1-0,Y,81,0,0,0,0,0,0,0,0,,,0,,,0,29,39,74.4,0,0,0,0,0,318,122,20,22,90.9,4,5,80.0,1,3,33.3,0,0,0,0,0,0,0,0,0,0,0,0,0,0,46,3,12,17,19,1,46,1,1,1,0,0,1,1,100.0,0,0,0,0,1,2,2,0,1,0,0,2,1,DF,Match Report
498,Nélson Semedo,1,29,1,0,0,45,1,2025-04-20,31-155,pt POR,Wolves,@,Manchester Utd,eng Premier League,W 1-0,Y,73,0,0,0,0,0,0,0,1,0.0,,0,0.0,29.3,0,29,35,82.9,0,1,0,0,2,417,93,17,18,94.4,6,6,100.0,3,4,75.0,1,1,0,0,0,0,0,0,0,0,0,0,0,0,45,1,10,20,15,0,45,1,1,0,1,0,0,0,,0,0,0,0,1,2,2,0,0,0,0,0,1,DF,Match Report
499,Matt Doherty,0,1,0,0,0,5,0,2025-04-20,33-094,ie IRL,Wolves,@,Manchester Utd,eng Premier League,W 1-0,N,9,0,0,0,0,0,0,0,0,,,0,,,0,1,2,50.0,0,0,0,0,0,46,27,0,0,,0,1,0.0,1,1,100.0,0,0,0,0,0,0,0,0,0,0,0,0,0,0,5,1,3,2,0,0,5,0,0,0,0,0,0,0,,0,1,0,1,0,0,2,0,0,0,0,0,0,DF,Match Report
500,Matheus Cunha,1,33,3,2,0,51,1,2025-04-20,25-328,br BRA,Wolves,@,Manchester Utd,eng Premier League,W 1-0,Y,89,0,0,0,0,0,0,0,1,0.0,0.0,1,100.0,22.5,0,33,39,84.6,1,3,2,0,4,479,230,20,21,95.2,7,9,77.8,3,5,60.0,3,0,1,1,0,1,0,2,0,0,1,0,1,0,51,1,8,25,18,1,51,1,1,0,0,1,0,1,0.0,1,2,0,2,0,1,0,0,0,0,0,2,4,"MF,FW",Match Report
501,André,0,58,1,0,1,71,5,2025-04-20,23-278,br BRA,Wolves,@,Manchester Utd,eng Premier League,W 1-0,Y,90,0,0,0,0,0,0,0,0,,,0,,,0,58,61,95.1,1,4,0,0,4,756,238,33,34,97.1,17,17,100.0,2,3,66.7,1,1,0,0,0,0,0,0,0,0,0,0,0,0,71,2,16,46,9,0,71,5,1,2,3,0,2,2,100.0,0,0,0,0,1,6,1,0,1,0,0,2,2,MF,Match Report
502,Santiago Bueno,0,24,1,0,0,43,6,2025-04-20,26-162,uy URU,Wolves,@,Manchester Utd,eng Premier League,W 1-0,Y,90,0,0,0,0,0,0,0,0,,,0,,,0,24,26,92.3,0,2,1,0,1,433,105,9,10,90.0,13,13,100.0,1,2,50.0,1,1,0,0,0,0,0,0,0,0,0,0,0,0,43,10,20,21,2,0,43,6,3,0,6,0,2,3,66.7,1,1,1,0,1,7,8,0,0,0,0,0,0,DF,Match Report
503,Toti Gomes,0,36,0,0,0,53,1,2025-04-20,26-094,pt POR,Wolves,@,Manchester Utd,eng Premier League,W 1-0,Y,90,0,0,0,0,0,0,0,0,,,0,,,0,36,42,85.7,0,1,0,0,0,520,152,24,24,100.0,12,15,80.0,0,3,0.0,0,0,0,0,0,0,0,0,0,0,0,0,0,0,53,8,26,24,4,0,53,1,1,1,0,0,1,1,100.0,0,2,2,0,1,2,4,0,0,0,0,2,2,DF,Match Report
504,Jørgen Strand Larsen,1,5,0,0,0,22,0,2025-04-20,25-073,no NOR,Wolves,@,Manchester Utd,eng Premier League,W 1-0,Y,73,0,0,0,0,0,0,0,1,0.0,,0,0.0,5.1,0,5,13,38.5,0,1,0,0,1,79,27,3,7,42.9,1,3,33.3,1,1,100.0,0,0,0,0,0,0,0,0,0,0,0,0,0,0,22,1,1,10,11,2,22,0,0,0,0,0,0,3,0.0,3,0,0,0,1,1,1,0,0,0,0,4,0,FW,Match Report
505,Jean-Ricner Bellegarde,0,2,0,0,0,6,1,2025-04-26,26-303,ht HAI,Wolves,,Leicester City,eng Premier League,W 3-0,N,7,0,0,0,0,0,0,0,0,,,0,,,0,2,4,50.0,0,0,0,0,1,32,12,1,2,50.0,1,1,100.0,0,1,0.0,0,0,0,0,0,0,0,0,0,0,0,0,0,0,6,0,0,3,3,0,6,1,1,0,1,0,0,0,,0,1,0,1,0,1,0,0,0,0,0,0,0,"MF,FW",Match Report
506,Marshall Munetsi,0,18,3,0,0,30,1,2025-04-26,28-308,zw ZIM,Wolves,,Leicester City,eng Premier League,W 3-0,Y,90,0,0,0,0,0,0,0,0,,,0,,,0,18,20,90.0,3,1,0,0,1,259,61,11,12,91.7,6,6,100.0,1,2,50.0,3,3,0,0,0,0,0,0,0,0,0,0,0,0,30,1,7,11,12,4,30,1,0,0,0,1,1,3,33.3,2,1,0,1,0,1,0,0,0,0,0,2,2,"MF,FW",Match Report
507,Emmanuel Agbadou,1,88,3,0,0,110,3,2025-04-26,27-313,ci CIV,Wolves,,Leicester City,eng Premier League,W 3-0,Y,90,0,0,0,0,0,0,0,1,0.0,,0,0.0,67.6,0,88,98,89.8,2,2,0,0,1,1819,584,23,23,100.0,53,55,96.4,12,19,63.2,3,3,0,0,0,0,0,0,0,0,0,0,0,0,110,19,73,34,3,2,110,3,2,2,1,0,2,2,100.0,0,1,1,0,0,3,5,0,0,0,0,0,0,DF,Match Report
508,Carlos Forbs,0,4,0,0,0,4,0,2025-04-26,21-038,pt POR,Wolves,,Leicester City,eng Premier League,W 3-0,N,2,0,0,0,0,0,0,0,0,,,0,,,0,4,4,100.0,0,0,0,0,0,49,0,3,3,100.0,1,1,100.0,0,0,,0,0,0,0,0,0,0,0,0,0,0,0,0,0,4,0,3,1,0,0,4,0,0,0,0,0,0,1,0.0,1,0,0,0,0,0,0,0,0,0,0,0,0,"MF,FW",Match Report
509,João Gomes,1,53,3,0,0,74,4,2025-04-26,24-073,br BRA,Wolves,,Leicester City,eng Premier League,W 3-0,Y,90,0,0,0,0,0,0,0,1,0.0,,0,0.0,11.7,0,53,64,82.8,1,1,1,0,4,748,104,32,36,88.9,16,19,84.2,3,4,75.0,3,2,0,0,0,0,1,0,0,0,0,0,0,0,74,0,11,47,19,3,74,4,2,2,2,0,1,4,25.0,3,1,0,1,0,4,0,0,0,0,0,1,3,MF,Match Report
510,Rodrigo Gomes,2,5,3,0,0,8,0,2025-04-26,21-293,pt POR,Wolves,,Leicester City,eng Premier League,W 3-0,N,14,1,0,1,1,0,0,0,2,0.5,1.0,1,50.0,20.2,0,5,6,83.3,1,0,0,0,0,56,27,3,3,100.0,1,1,100.0,0,1,0.0,3,2,0,1,0,0,0,0,0,0,0,0,0,0,8,0,2,2,5,1,8,0,0,0,0,0,0,0,,0,0,0,0,0,0,0,0,0,0,0,0,0,"DF,FW",Match Report
511,José Sá,0,34,0,0,0,41,0,2025-04-26,32-099,pt POR,Wolves,,Leicester City,eng Premier League,W 3-0,Y,90,0,0,0,0,0,0,0,0,,,0,,,0,34,40,85.0,0,0,0,0,0,809,444,3,3,100.0,24,24,100.0,5,11,45.5,0,0,0,0,0,0,0,0,0,0,0,0,0,0,41,32,41,0,0,0,41,0,0,0,0,0,0,0,,0,0,0,0,0,0,0,0,0,0,0,1,0,GK,Match Report
512,Pablo Sarabia,1,8,2,1,0,17,0,2025-04-26,32-350,es ESP,Wolves,,Leicester City,eng Premier League,W 3-0,N,14,0,0,0,0,0,0,0,1,0.0,,0,0.0,13.0,0,8,11,72.7,0,2,0,0,1,189,77,4,5,80.0,1,1,100.0,3,4,75.0,2,1,1,0,0,0,0,1,1,0,0,0,0,0,17,0,2,7,8,1,17,0,0,0,0,0,0,1,0.0,1,1,0,1,0,0,0,0,0,0,0,0,0,"MF,FW",Match Report
513,Rayan Aït-Nouri,3,54,5,1,0,85,1,2025-04-26,23-324,dz ALG,Wolves,,Leicester City,eng Premier League,W 3-0,Y,76,0,1,1,0,0,0,0,3,0.0,,0,0.0,14.6,0,54,69,78.3,1,1,2,2,0,738,174,34,38,89.5,16,22,72.7,2,5,40.0,5,3,0,0,1,1,0,1,1,0,0,0,0,0,85,0,19,38,28,7,85,1,1,0,0,1,1,2,50.0,1,1,0,1,0,1,1,0,0,0,0,0,4,DF,Match Report
514,Nélson Semedo,0,38,2,0,0,51,0,2025-04-26,31-161,pt POR,Wolves,,Leicester City,eng Premier League,W 3-0,Y,88,0,0,0,0,0,0,0,0,,,0,,,0,38,46,82.6,2,2,3,2,4,517,176,21,23,91.3,13,16,81.3,1,2,50.0,2,2,0,0,0,0,0,0,0,0,0,0,0,0,51,0,9,27,15,0,51,0,0,0,0,0,0,0,,0,0,0,0,0,0,0,0,0,0,0,1,0,DF,Match Report
515,Matt Doherty,0,74,0,0,0,82,1,2025-04-26,33-100,ie IRL,Wolves,,Leicester City,eng Premier League,W 3-0,Y,83,0,0,0,0,0,0,0,0,,,0,,,0,74,79,93.7,0,2,1,0,2,1538,473,26,27,96.3,37,39,94.9,10,12,83.3,0,0,0,0,0,0,0,0,0,0,0,0,0,0,82,5,35,43,4,0,82,1,1,1,0,0,1,1,100.0,0,1,0,1,0,1,1,0,0,0,0,1,0,DF,Match Report
516,Matheus Cunha,6,45,10,3,0,56,1,2025-04-26,25-334,br BRA,Wolves,,Leicester City,eng Premier League,W 3-0,Y,88,1,2,3,1,0,0,0,6,0.17,0.33,3,50.0,18.9,1,45,49,91.8,5,7,4,1,10,713,244,25,26,96.2,11,13,84.6,6,7,85.7,10,8,0,1,1,0,0,3,3,0,0,0,0,0,56,0,6,27,24,4,56,1,1,0,1,0,0,0,,0,0,0,0,0,1,0,0,0,0,0,0,6,"MF,FW",Match Report
517,Gonçalo Guedes,1,0,0,0,0,1,0,2025-04-26,28-148,pt POR,Wolves,,Leicester City,eng Premier League,W 3-0,N,2,0,0,0,0,0,0,0,1,0.0,,0,0.0,21.5,0,0,0,,0,0,0,0,0,0,0,0,0,,0,0,,0,0,,0,0,0,0,0,0,0,0,0,0,0,0,0,0,1,0,0,0,1,0,1,0,0,0,0,0,0,0,,0,0,0,0,0,0,0,0,0,0,0,0,0,"MF,FW",Match Report
518,André,1,48,1,0,0,63,7,2025-04-26,23-284,br BRA,Wolves,,Leicester City,eng Premier League,W 3-0,Y,83,0,0,0,0,0,0,0,1,0.0,,0,0.0,48.7,0,48,52,92.3,1,2,0,0,2,745,167,28,29,96.6,14,15,93.3,4,5,80.0,1,1,0,0,0,0,0,0,0,0,0,0,0,0,63,0,17,38,8,0,63,7,4,3,2,2,2,3,66.7,1,0,0,0,3,10,0,0,0,0,0,0,0,MF,Match Report
519,Santiago Bueno,0,4,0,0,0,7,1,2025-04-26,26-168,uy URU,Wolves,,Leicester City,eng Premier League,W 3-0,N,7,0,0,0,0,0,0,0,0,,,0,,,0,4,4,100.0,0,1,0,0,0,74,30,1,1,100.0,3,3,100.0,0,0,,0,0,0,0,0,0,0,0,0,0,0,0,0,0,7,2,4,3,0,0,7,1,1,0,1,0,1,1,100.0,0,2,1,1,0,1,0,0,0,0,0,0,0,DF,Match Report
520,Toti Gomes,0,82,2,0,1,96,2,2025-04-26,26-100,pt POR,Wolves,,Leicester City,eng Premier League,W 3-0,Y,90,0,0,0,0,0,0,0,0,,,0,,,0,82,88,93.2,2,3,0,0,3,1317,479,39,41,95.1,38,39,97.4,3,4,75.0,2,2,0,0,0,0,0,0,0,0,0,0,0,0,96,2,45,49,2,0,96,2,1,2,0,0,2,2,100.0,0,1,1,0,0,2,3,0,1,0,0,1,1,DF,Match Report
521,Jørgen Strand Larsen,4,10,2,1,0,26,0,2025-04-26,25-079,no NOR,Wolves,,Leicester City,eng Premier League,W 3-0,Y,76,1,0,1,1,0,0,0,4,0.25,1.0,1,25.0,9.2,0,10,17,58.8,0,1,0,0,2,149,25,5,9,55.6,2,2,100.0,2,4,50.0,2,2,0,0,0,0,0,1,1,0,0,0,0,0,26,1,2,12,12,6,26,0,0,0,0,0,0,1,0.0,1,1,0,1,0,0,1,0,0,0,0,0,1,FW,Match Report
522,Jean-Ricner Bellegarde,0,12,0,0,0,32,4,2025-05-02,26-309,ht HAI,Wolves,@,Manchester City,eng Premier League,L 0-1,Y,65,0,0,0,0,0,0,0,0,,,0,,,0,12,18,66.7,0,0,2,1,3,171,60,4,5,80.0,4,5,80.0,1,3,33.3,0,0,0,0,0,0,0,0,0,0,0,0,0,0,32,1,13,11,9,4,32,4,3,2,2,0,1,1,100.0,0,1,0,1,0,4,2,0,0,0,0,0,2,"MF,FW",Match Report
523,Hwang Hee-chan,0,0,0,0,0,2,0,2025-05-02,29-096,kr KOR,Wolves,@,Manchester City,eng Premier League,L 0-1,N,6,0,0,0,0,0,0,0,0,,,0,,,0,0,0,,0,0,0,0,0,0,0,0,0,,0,0,,0,0,,0,0,0,0,0,0,0,0,0,0,0,0,0,0,2,0,0,1,1,1,2,0,0,0,0,0,0,0,,0,0,0,0,0,0,0,0,0,0,0,0,0,"MF,FW",Match Report
524,Marshall Munetsi,0,8,0,0,0,28,2,2025-05-02,28-314,zw ZIM,Wolves,@,Manchester City,eng Premier League,L 0-1,Y,90,0,0,0,0,0,0,0,0,,,0,,,0,8,13,61.5,0,0,1,1,0,100,17,4,6,66.7,3,4,75.0,0,0,,0,0,0,0,0,0,0,0,0,0,0,0,0,0,28,2,9,11,9,0,28,2,1,2,0,0,1,2,50.0,1,3,0,3,1,3,1,0,0,0,0,2,0,"MF,FW",Match Report
525,Emmanuel Agbadou,0,66,0,0,0,80,2,2025-05-02,27-319,ci CIV,Wolves,@,Manchester City,eng Premier League,L 0-1,Y,90,0,0,0,0,0,0,0,0,,,0,,,0,66,73,90.4,0,3,0,0,1,1282,405,22,24,91.7,34,35,97.1,8,11,72.7,0,0,0,0,0,0,0,0,0,0,0,0,0,0,80,18,54,26,0,0,80,2,1,2,0,0,0,0,,0,1,1,0,0,2,4,0,0,0,0,0,0,DF,Match Report
526,João Gomes,0,29,1,0,0,54,6,2025-05-02,24-079,br BRA,Wolves,@,Manchester City,eng Premier League,L 0-1,Y,90,0,0,0,0,0,0,0,0,,,0,,,0,29,37,78.4,1,1,0,0,2,373,72,17,17,100.0,10,13,76.9,1,2,50.0,1,1,0,0,0,0,0,0,0,0,0,0,0,0,54,4,24,27,3,1,54,6,4,4,2,0,4,5,80.0,1,3,1,2,0,6,2,0,0,0,0,2,2,MF,Match Report
527,Rodrigo Gomes,0,5,0,0,0,11,2,2025-05-02,21-299,pt POR,Wolves,@,Manchester City,eng Premier League,L 0-1,N,25,0,0,0,0,0,0,0,0,,,0,,,0,5,6,83.3,0,0,0,0,1,82,20,2,2,100.0,3,3,100.0,0,0,,0,0,0,0,0,0,0,0,0,0,0,0,0,0,11,1,4,3,4,0,11,2,1,2,0,0,1,2,50.0,1,0,0,0,0,2,1,0,0,0,0,1,0,"DF,FW",Match Report
528,José Sá,0,28,0,0,0,41,0,2025-05-02,32-105,pt POR,Wolves,@,Manchester City,eng Premier League,L 0-1,Y,90,0,0,0,0,0,0,0,0,,,0,,,0,28,40,70.0,0,1,0,0,0,630,380,6,6,100.0,14,15,93.3,7,18,38.9,0,0,0,0,0,0,0,0,0,0,0,0,0,0,41,35,41,0,0,0,41,0,0,0,0,0,0,0,,0,0,0,0,0,0,0,0,0,0,0,0,0,GK,Match Report
529,Pablo Sarabia,0,13,0,0,0,21,1,2025-05-02,32-356,es ESP,Wolves,@,Manchester City,eng Premier League,L 0-1,N,26,0,0,0,0,0,0,0,0,,,0,,,0,13,15,86.7,0,3,0,0,3,219,139,6,6,100.0,6,6,100.0,1,3,33.3,0,0,0,0,0,0,0,0,0,0,0,0,0,0,21,0,1,12,8,0,21,1,1,0,0,1,0,0,,0,2,0,2,0,1,0,0,0,0,0,0,1,"MF,FW",Match Report
530,Rayan Aït-Nouri,2,29,3,0,0,46,1,2025-05-02,23-330,dz ALG,Wolves,@,Manchester City,eng Premier League,L 0-1,Y,90,0,0,0,0,0,0,0,2,0.0,,0,0.0,11.3,0,29,33,87.9,0,1,0,0,4,360,90,14,14,100.0,12,12,100.0,0,1,0.0,3,1,0,0,2,0,0,0,0,0,0,0,0,0,46,1,16,17,13,2,46,1,1,0,1,0,0,1,0.0,1,0,0,0,2,3,1,0,0,0,0,2,1,DF,Match Report
531,Nélson Semedo,1,11,1,0,0,29,3,2025-05-02,31-167,pt POR,Wolves,@,Manchester City,eng Premier League,L 0-1,Y,85,0,0,0,0,0,0,0,1,0.0,,0,0.0,11.7,0,11,13,84.6,0,0,0,0,0,145,45,5,5,100.0,6,7,85.7,0,1,0.0,1,0,0,0,0,0,1,0,0,0,0,0,0,0,29,3,13,12,4,1,29,3,3,1,2,0,2,4,50.0,2,1,0,1,1,4,2,0,0,0,0,1,1,DF,Match Report
532,Matt Doherty,0,29,0,0,0,39,1,2025-05-02,33-106,ie IRL,Wolves,@,Manchester City,eng Premier League,L 0-1,Y,64,0,0,0,0,0,0,0,0,,,0,,,0,29,35,82.9,0,1,0,0,1,504,145,16,16,100.0,11,14,78.6,2,5,40.0,0,0,0,0,0,0,0,0,0,0,0,0,0,0,39,8,24,15,0,0,39,1,0,1,0,0,1,2,50.0,1,0,0,0,0,1,3,0,0,0,0,0,0,DF,Match Report
533,Matheus Cunha,2,16,1,0,0,32,0,2025-05-02,25-340,br BRA,Wolves,@,Manchester City,eng Premier League,L 0-1,Y,84,0,0,0,0,0,0,0,2,0.0,,0,0.0,21.2,0,16,23,69.6,0,1,0,0,2,206,65,10,13,76.9,4,5,80.0,1,4,25.0,1,1,0,0,0,0,0,0,0,0,0,0,0,0,32,0,2,14,16,4,32,0,0,0,0,0,0,1,0.0,1,0,0,0,1,1,0,0,0,0,0,2,0,"MF,FW",Match Report
534,Gonçalo Guedes,0,6,0,0,0,8,0,2025-05-02,28-154,pt POR,Wolves,@,Manchester City,eng Premier League,L 0-1,N,11,0,0,0,0,0,0,0,0,,,0,,,0,6,8,75.0,0,0,1,0,1,77,27,3,4,75.0,3,4,75.0,0,0,,0,0,0,0,0,0,0,0,0,0,0,0,0,0,8,0,1,4,3,0,8,0,0,0,0,0,0,0,,0,0,0,0,0,0,0,0,0,0,0,0,0,"MF,FW",Match Report
535,André,1,37,2,0,0,49,4,2025-05-02,23-290,br BRA,Wolves,@,Manchester City,eng Premier League,L 0-1,Y,79,0,0,0,0,0,0,0,1,0.0,,0,0.0,21.4,0,37,39,94.9,1,4,0,0,3,606,200,18,19,94.7,14,14,100.0,3,3,100.0,2,2,0,0,0,0,0,0,0,0,0,0,0,0,49,3,15,34,1,0,49,4,2,3,1,0,0,1,0.0,1,1,0,1,0,4,0,0,0,0,0,0,0,MF,Match Report
536,Santiago Bueno,0,11,0,0,0,15,0,2025-05-02,26-174,uy URU,Wolves,@,Manchester City,eng Premier League,L 0-1,N,5,0,0,0,0,0,0,0,0,,,0,,,0,11,14,78.6,0,0,0,0,0,190,33,3,3,100.0,8,9,88.9,0,1,0.0,0,0,0,0,0,0,0,0,0,0,0,0,0,0,15,1,10,5,0,0,15,0,0,0,0,0,0,0,,0,0,0,0,0,0,1,0,0,0,0,0,0,DF,Match Report
537,Toti Gomes,0,42,0,0,0,59,2,2025-05-02,26-106,pt POR,Wolves,@,Manchester City,eng Premier League,L 0-1,Y,90,0,0,0,0,0,0,0,0,,,0,,,0,42,50,84.0,0,1,0,0,0,568,77,21,25,84.0,18,18,100.0,0,2,0.0,0,0,0,0,0,0,0,0,0,0,0,0,0,0,59,9,37,21,3,0,59,2,1,2,0,0,2,2,100.0,0,1,0,1,1,3,4,0,0,0,0,1,0,DF,Match Report
538,Jean-Ricner Bellegarde,1,9,0,0,0,17,0,2025-05-10,26-317,ht HAI,Wolves,,Brighton,eng Premier League,L 0-2,N,32,0,0,0,0,0,0,0,1,0.0,,0,0.0,17.8,0,9,13,69.2,0,0,0,0,0,184,6,6,7,85.7,1,2,50.0,2,4,50.0,0,0,0,0,0,0,0,0,0,0,0,0,0,0,17,0,2,11,4,1,17,0,0,0,0,0,0,0,,0,0,0,0,0,0,1,0,0,0,0,0,2,"MF,FW",Match Report
539,Marshall Munetsi,4,7,0,0,0,22,1,2025-05-10,28-322,zw ZIM,Wolves,,Brighton,eng Premier League,L 0-2,Y,90,0,0,0,0,0,0,0,4,0.0,0.0,1,25.0,10.5,0,7,13,53.8,1,1,0,0,0,89,8,5,9,55.6,2,4,50.0,0,0,,0,0,0,0,0,0,0,0,0,0,0,0,0,0,22,1,4,8,10,6,22,1,0,0,1,0,0,1,0.0,1,1,0,1,0,1,1,0,0,0,0,2,0,"MF,FW",Match Report
540,Emmanuel Agbadou,0,77,0,0,0,95,0,2025-05-10,27-327,ci CIV,Wolves,,Brighton,eng Premier League,L 0-2,Y,90,0,0,0,0,0,0,0,0,,,0,,,0,77,85,90.6,0,5,0,0,2,1348,460,38,39,97.4,32,34,94.1,7,12,58.3,0,0,0,0,0,0,0,0,0,0,0,0,0,0,95,17,50,45,1,0,95,0,0,0,0,0,0,0,,0,3,1,2,2,2,5,0,0,0,0,0,0,DF,Match Report
541,João Gomes,0,30,1,0,0,34,0,2025-05-10,24-087,br BRA,Wolves,,Brighton,eng Premier League,L 0-2,Y,58,0,0,0,0,0,0,0,0,,,0,,,0,30,32,93.8,0,2,1,0,3,469,74,16,16,100.0,14,14,100.0,0,2,0.0,1,1,0,0,0,0,0,0,0,0,0,0,0,0,34,0,6,19,9,0,34,0,0,0,0,0,0,1,0.0,1,0,0,0,0,0,0,0,0,0,0,1,2,MF,Match Report
542,Rodrigo Gomes,0,9,0,0,0,14,0,2025-05-10,21-307,pt POR,Wolves,,Brighton,eng Premier League,L 0-2,N,32,0,0,0,0,0,0,0,0,,,0,,,0,9,12,75.0,0,0,0,0,0,109,21,7,8,87.5,2,3,66.7,0,1,0.0,0,0,0,0,0,0,0,0,0,0,0,0,0,0,14,0,1,5,8,1,14,0,0,0,0,0,0,0,,0,0,0,0,0,0,0,0,0,0,0,0,0,"DF,FW",Match Report
543,José Sá,0,25,0,0,0,37,0,2025-05-10,32-113,pt POR,Wolves,,Brighton,eng Premier League,L 0-2,Y,90,0,0,0,0,0,0,0,0,,,0,,,0,25,34,73.5,0,1,0,0,0,622,382,6,6,100.0,12,13,92.3,7,15,46.7,0,0,0,0,0,0,0,0,0,0,0,0,0,0,37,29,36,1,0,0,37,0,0,0,0,0,0,0,,0,0,0,0,0,0,1,0,0,0,0,0,0,GK,Match Report
544,Pablo Sarabia,0,19,0,0,0,31,0,2025-05-10,32-364,es ESP,Wolves,,Brighton,eng Premier League,L 0-2,N,32,0,0,0,0,0,0,0,0,,,0,,,0,19,27,70.4,0,2,1,0,6,296,115,11,11,100.0,7,12,58.3,1,3,33.3,0,0,0,0,0,0,0,0,0,0,0,0,0,0,31,0,4,15,12,0,31,0,0,0,0,0,0,1,0.0,1,0,0,0,0,0,0,0,0,0,0,1,0,"MF,FW",Match Report
545,Rayan Aït-Nouri,1,46,3,0,0,71,3,2025-05-10,23-338,dz ALG,Wolves,,Brighton,eng Premier League,L 0-2,Y,90,0,0,0,0,0,0,0,1,0.0,0.0,1,100.0,17.9,0,46,52,88.5,2,3,0,0,4,562,122,34,36,94.4,10,10,100.0,0,2,0.0,3,2,0,0,0,1,0,0,0,0,0,0,0,0,71,2,14,34,27,6,71,3,3,1,1,1,0,1,0.0,1,1,0,1,1,4,3,0,0,0,0,0,3,DF,Match Report
546,Mateus Mane,0,4,0,0,0,6,0,2025-05-10,,pt POR,Wolves,,Brighton,eng Premier League,L 0-2,N,2,0,0,0,0,0,0,0,0,,,0,,,0,4,5,80.0,0,0,0,0,0,60,0,3,4,75.0,1,1,100.0,0,0,,0,0,0,0,0,0,0,0,0,0,0,0,0,0,6,0,0,6,0,0,6,0,0,0,0,0,0,0,,0,1,0,1,0,0,0,0,0,0,0,0,0,MF,Match Report
547,Nélson Semedo,0,39,3,0,0,57,1,2025-05-10,31-175,pt POR,Wolves,,Brighton,eng Premier League,L 0-2,Y,90,0,0,0,0,0,0,0,0,,,0,,,0,39,49,79.6,2,2,2,1,4,626,206,19,21,90.5,17,20,85.0,2,5,40.0,3,3,0,0,0,0,0,0,0,0,0,0,0,0,57,3,16,26,16,2,57,1,0,0,1,0,1,1,100.0,0,1,0,1,0,1,1,0,0,0,0,1,1,DF,Match Report
548,Matt Doherty,0,39,0,0,0,50,0,2025-05-10,33-114,ie IRL,Wolves,,Brighton,eng Premier League,L 0-2,Y,58,0,0,0,0,0,0,0,0,,,0,,,0,39,47,83.0,0,3,1,0,1,745,184,13,16,81.3,22,25,88.0,4,6,66.7,0,0,0,0,0,0,0,0,0,0,0,0,0,0,50,1,24,22,5,1,50,0,0,0,0,0,0,0,,0,1,0,1,1,1,4,0,0,0,0,0,0,DF,Match Report
549,Matheus Cunha,2,21,5,0,1,41,0,2025-05-10,25-348,br BRA,Wolves,,Brighton,eng Premier League,L 0-2,Y,58,0,0,0,0,0,0,0,2,0.0,0.0,1,50.0,26.4,0,21,33,63.6,2,1,1,0,6,398,151,9,9,100.0,7,9,77.8,5,12,41.7,5,3,2,0,0,0,0,0,0,0,0,0,0,0,41,0,2,8,31,3,41,0,0,0,0,0,0,0,,0,2,0,2,0,0,0,0,1,0,0,1,1,"MF,FW",Match Report
550,Gonçalo Guedes,2,13,0,0,0,21,0,2025-05-10,28-162,pt POR,Wolves,,Brighton,eng Premier League,L 0-2,Y,58,0,0,0,0,0,0,0,2,0.0,,0,0.0,12.4,0,13,17,76.5,0,0,0,0,2,174,22,8,8,100.0,4,5,80.0,0,1,0.0,0,0,0,0,0,0,0,0,0,0,0,0,0,0,21,0,0,6,15,4,21,0,0,0,0,0,0,0,,0,0,0,0,0,0,0,0,0,0,0,1,1,"MF,FW",Match Report
551,André,0,65,1,0,0,85,8,2025-05-10,23-298,br BRA,Wolves,,Brighton,eng Premier League,L 0-2,Y,88,0,0,0,0,0,0,0,0,,,0,,,0,65,71,91.5,1,3,0,0,3,1020,205,38,40,95.0,19,22,86.4,6,7,85.7,1,1,0,0,0,0,0,0,0,0,0,0,0,0,85,5,26,49,12,0,85,8,5,4,3,1,3,4,75.0,1,1,0,1,3,11,3,0,0,0,0,1,1,MF,Match Report
552,Toti Gomes,0,82,0,0,0,101,4,2025-05-10,26-114,pt POR,Wolves,,Brighton,eng Premier League,L 0-2,Y,90,0,0,0,0,0,0,0,0,,,0,,,0,82,86,95.3,0,7,1,0,6,1325,462,48,48,100.0,27,28,96.4,6,9,66.7,0,0,0,0,0,0,0,0,0,0,0,0,0,0,101,6,41,55,6,0,101,4,3,3,0,1,3,5,60.0,2,0,0,0,1,5,8,0,0,0,0,0,0,DF,Match Report
553,Jørgen Strand Larsen,0,3,0,0,0,7,0,2025-05-10,25-093,no NOR,Wolves,,Brighton,eng Premier League,L 0-2,N,32,0,0,0,0,0,0,0,0,,,0,,,0,3,4,75.0,0,0,0,0,1,50,11,0,1,0.0,3,3,100.0,0,0,,0,0,0,0,0,0,0,0,0,0,0,0,0,0,7,1,1,3,3,0,7,0,0,0,0,0,0,0,,0,0,0,0,1,1,1,0,0,0,0,0,0,FW,Match Report
554,Jean-Ricner Bellegarde,1,49,4,1,0,66,2,2025-05-20,26-327,ht HAI,Wolves,@,Crystal Palace,eng Premier League,L 2-4,Y,90,0,1,1,0,0,0,0,1,0.0,,0,0.0,16.1,0,49,57,86.0,1,3,1,0,4,802,147,24,27,88.9,20,24,83.3,3,3,100.0,4,2,2,0,0,0,0,1,0,1,0,0,0,0,66,0,6,43,17,2,66,2,2,0,2,0,1,1,100.0,0,0,0,0,0,2,0,0,0,0,0,2,4,"MF,FW",Match Report
555,Hwang Hee-chan,0,7,0,0,0,9,0,2025-05-20,29-114,kr KOR,Wolves,@,Crystal Palace,eng Premier League,L 2-4,N,10,0,0,0,0,0,0,0,0,,,0,,,0,7,9,77.8,0,0,0,0,0,91,25,3,3,100.0,3,4,75.0,0,0,,0,0,0,0,0,0,0,0,0,0,0,0,0,0,9,1,1,6,2,0,9,0,0,0,0,0,0,0,,0,0,0,0,0,0,0,0,0,0,0,0,1,"MF,FW",Match Report
556,Nasser Djiga,0,32,0,0,0,42,0,2025-05-20,22-186,bf BFA,Wolves,@,Crystal Palace,eng Premier League,L 2-4,Y,45,0,0,0,0,0,0,0,0,,,0,,,0,32,40,80.0,0,3,0,0,3,627,151,5,6,83.3,24,25,96.0,3,8,37.5,0,0,0,0,0,0,0,0,0,0,0,0,0,0,42,0,9,31,2,0,42,0,0,0,0,0,0,1,0.0,1,0,0,0,0,0,1,0,0,0,0,0,1,DF,Match Report
557,Marshall Munetsi,1,5,1,0,0,10,0,2025-05-20,28-332,zw ZIM,Wolves,@,Crystal Palace,eng Premier League,L 2-4,N,24,0,0,0,0,0,0,0,1,0.0,,0,0.0,26.4,0,5,7,71.4,0,1,0,0,1,82,9,3,3,100.0,1,1,100.0,1,1,100.0,1,0,0,0,1,0,0,0,0,0,0,0,0,0,10,1,1,4,5,1,10,0,0,0,0,0,0,0,,0,0,0,0,0,0,1,0,0,0,0,0,0,"MF,FW",Match Report
558,Daniel Bentley,0,29,0,0,0,34,0,2025-05-20,31-311,eng ENG,Wolves,@,Crystal Palace,eng Premier League,L 2-4,Y,90,0,0,0,0,0,0,0,0,,,0,,,0,29,31,93.5,0,1,0,0,0,700,429,4,4,100.0,21,21,100.0,4,6,66.7,0,0,0,0,0,0,0,0,0,0,0,0,0,0,34,20,33,1,0,0,34,0,0,0,0,0,0,0,,0,0,0,0,0,0,1,0,0,0,0,0,0,GK,Match Report
559,Emmanuel Agbadou,1,86,0,0,1,103,1,2025-05-20,27-337,ci CIV,Wolves,@,Crystal Palace,eng Premier League,L 2-4,Y,90,1,0,1,1,0,0,0,1,1.0,1.0,1,100.0,2.8,0,86,97,88.7,0,7,0,0,6,1783,598,21,24,87.5,58,60,96.7,7,12,58.3,0,0,0,0,0,0,0,0,0,0,0,0,0,0,103,4,39,61,4,2,103,1,0,1,0,0,1,2,50.0,1,0,0,0,0,1,3,0,1,0,0,2,0,DF,Match Report
560,João Gomes,0,39,1,1,0,45,3,2025-05-20,24-097,br BRA,Wolves,@,Crystal Palace,eng Premier League,L 2-4,N,45,0,0,0,0,0,0,0,0,,,0,,,0,39,40,97.5,0,5,1,0,6,548,161,22,23,95.7,16,16,100.0,0,0,,1,1,0,0,0,0,0,1,1,0,0,0,0,0,45,1,6,33,7,0,45,3,2,0,2,1,2,2,100.0,0,0,0,0,0,3,0,0,0,0,0,0,1,MF,Match Report
561,Rodrigo Gomes,1,27,1,1,0,45,2,2025-05-20,21-317,pt POR,Wolves,@,Crystal Palace,eng Premier League,L 2-4,Y,80,0,0,0,0,0,0,0,1,0.0,,0,0.0,13.4,0,27,34,79.4,0,2,1,0,1,367,79,13,15,86.7,6,6,100.0,2,4,50.0,1,0,1,0,0,0,0,1,0,1,0,0,0,0,45,0,11,15,19,2,45,2,2,2,0,0,2,2,100.0,0,0,0,0,0,2,0,0,0,0,0,1,1,"DF,FW",Match Report
562,Pablo Sarabia,0,29,3,1,0,56,1,2025-05-20,33-009,es ESP,Wolves,@,Crystal Palace,eng Premier League,L 2-4,Y,66,0,0,0,0,0,0,0,0,,,0,,,0,29,47,61.7,2,1,2,1,3,397,102,15,18,83.3,12,18,66.7,1,8,12.5,3,3,0,0,0,0,0,1,1,0,0,0,0,0,56,0,1,29,26,1,56,1,0,0,0,1,1,1,100.0,0,0,0,0,0,1,0,0,0,0,0,1,0,"MF,FW",Match Report
563,Rayan Aït-Nouri,0,53,7,0,0,77,1,2025-05-20,23-348,dz ALG,Wolves,@,Crystal Palace,eng Premier League,L 2-4,Y,90,0,0,0,0,0,0,0,0,,,0,,,0,53,65,81.5,5,4,2,0,3,729,253,31,34,91.2,16,17,94.1,3,7,42.9,7,4,2,1,0,0,0,0,0,0,0,0,0,0,77,2,11,39,29,1,77,1,0,0,1,0,0,0,,0,1,0,1,0,1,2,0,0,0,0,0,3,DF,Match Report
564,Nélson Semedo,0,43,0,0,0,51,1,2025-05-20,31-185,pt POR,Wolves,@,Crystal Palace,eng Premier League,L 2-4,N,45,0,0,0,0,0,0,0,0,,,0,,,0,43,45,95.6,0,1,0,0,3,606,259,26,26,100.0,16,18,88.9,0,0,,0,0,0,0,0,0,0,0,0,0,0,0,0,0,51,1,7,31,14,0,51,1,0,0,0,1,1,1,100.0,0,2,0,2,0,1,0,0,0,0,0,0,0,DF,Match Report
565,Matheus Cunha,3,12,4,0,0,24,1,2025-05-20,25-358,br BRA,Wolves,@,Crystal Palace,eng Premier League,L 2-4,N,24,0,0,0,0,0,0,0,3,0.0,,0,0.0,11.7,0,12,15,80.0,2,1,1,0,3,204,73,5,6,83.3,6,8,75.0,1,1,100.0,4,2,0,1,1,0,0,0,0,0,0,0,0,0,24,1,1,7,16,4,24,1,0,1,0,0,1,1,100.0,0,0,0,0,0,1,0,0,0,0,0,0,1,"MF,FW",Match Report
566,Gonçalo Guedes,4,29,2,0,0,50,1,2025-05-20,28-172,pt POR,Wolves,@,Crystal Palace,eng Premier League,L 2-4,Y,90,0,0,0,0,0,0,0,4,0.0,0.0,1,25.0,20.3,0,29,37,78.4,0,2,0,0,2,455,109,16,18,88.9,10,13,76.9,2,3,66.7,2,1,0,1,0,0,0,0,0,0,0,0,0,0,50,2,6,18,27,3,50,1,1,0,0,1,1,1,100.0,0,2,0,2,0,1,1,0,0,0,0,0,0,"MF,FW",Match Report
567,André,0,27,0,0,0,35,1,2025-05-20,23-308,br BRA,Wolves,@,Crystal Palace,eng Premier League,L 2-4,Y,45,0,0,0,0,0,0,0,0,,,0,,,0,27,29,93.1,0,2,0,0,4,465,120,13,14,92.9,11,12,91.7,3,3,100.0,0,0,0,0,0,0,0,0,0,0,0,0,0,0,35,1,4,30,1,0,35,1,1,0,1,0,1,1,100.0,0,0,0,0,2,3,0,0,0,0,0,1,0,MF,Match Report
568,Toti Gomes,0,93,1,0,1,111,3,2025-05-20,26-124,pt POR,Wolves,@,Crystal Palace,eng Premier League,L 2-4,Y,90,0,0,0,0,0,0,0,0,,,0,,,0,93,101,92.1,0,6,0,0,9,1537,587,40,42,95.2,44,48,91.7,6,8,75.0,1,1,0,0,0,0,0,0,0,0,0,0,0,0,111,1,38,71,3,1,111,3,1,2,0,1,3,3,100.0,0,1,0,1,0,3,7,0,1,0,0,1,0,DF,Match Report
569,Jørgen Strand Larsen,1,17,0,0,0,25,1,2025-05-20,25-103,no NOR,Wolves,@,Crystal Palace,eng Premier League,L 2-4,Y,66,1,1,2,1,0,0,0,1,1.0,1.0,1,100.0,5.5,0,17,17,100.0,1,1,0,0,0,204,20,13,13,100.0,3,3,100.0,0,0,,0,0,0,0,0,0,0,0,0,0,0,0,0,0,25,0,0,14,11,3,25,1,0,0,0,1,0,0,,0,1,0,1,0,1,0,0,0,0,0,0,1,FW,Match Report
570,Jean-Ricner Bellegarde,0,2,0,0,0,4,0,2025-05-25,26-332,ht HAI,Wolves,,Brentford,eng Premier League,D 1-1,N,4,0,0,0,0,0,0,0,0,,,0,,,0,2,2,100.0,0,0,0,0,0,20,0,2,2,100.0,0,0,,0,0,,0,0,0,0,0,0,0,0,0,0,0,0,0,0,4,0,1,1,2,0,4,0,0,0,0,0,0,0,,0,0,0,0,0,0,0,0,0,0,0,0,0,"MF,FW",Match Report
571,Marshall Munetsi,2,15,4,0,0,30,2,2025-05-25,28-337,zw ZIM,Wolves,,Brentford,eng Premier League,D 1-1,Y,86,1,0,1,1,0,0,0,2,0.5,1.0,1,50.0,20.1,0,15,20,75.0,1,1,1,1,1,207,50,9,12,75.0,4,4,100.0,1,2,50.0,4,4,0,0,0,0,0,0,0,0,0,0,0,0,30,2,3,9,19,5,30,2,0,1,1,0,1,2,50.0,1,1,0,1,0,2,1,0,0,0,0,2,0,"MF,FW",Match Report
572,Tom King,0,0,0,0,0,1,0,2025-05-25,30-077,wls WAL,Wolves,,Brentford,eng Premier League,D 1-1,N,1,0,0,0,0,0,0,0,0,,,0,,,0,0,1,0.0,0,0,0,0,0,0,0,0,1,0.0,0,0,,0,0,,0,0,0,0,0,0,0,0,0,0,0,0,0,0,1,1,1,0,0,0,1,0,0,0,0,0,0,0,,0,0,0,0,0,0,0,0,0,0,0,0,0,GK,Match Report
573,Emmanuel Agbadou,0,29,2,1,0,50,2,2025-05-25,27-342,ci CIV,Wolves,,Brentford,eng Premier League,D 1-1,Y,90,0,0,0,0,0,0,0,0,,,0,,,0,29,39,74.4,0,2,0,0,1,708,394,7,7,100.0,18,21,85.7,4,11,36.4,2,1,1,0,0,0,0,1,0,1,0,0,0,0,50,14,33,17,1,0,50,2,1,2,0,0,1,1,100.0,0,0,0,0,1,3,5,0,0,0,0,0,0,DF,Match Report
574,João Gomes,2,49,3,0,1,76,8,2025-05-25,24-102,br BRA,Wolves,,Brentford,eng Premier League,D 1-1,Y,90,0,0,0,0,0,0,0,2,0.0,,0,0.0,20.5,0,49,64,76.6,1,8,0,0,8,663,194,33,42,78.6,15,18,83.3,1,3,33.3,3,2,0,0,0,0,1,0,0,0,0,0,0,0,76,2,15,39,24,3,76,8,7,2,3,3,4,5,80.0,1,0,0,0,0,8,1,0,1,0,0,2,3,MF,Match Report
575,Rodrigo Gomes,0,5,0,0,0,10,0,2025-05-25,21-322,pt POR,Wolves,,Brentford,eng Premier League,D 1-1,N,26,0,0,0,0,0,0,0,0,,,0,,,0,5,8,62.5,0,0,1,0,1,56,35,3,4,75.0,2,2,100.0,0,0,,0,0,0,0,0,0,0,0,0,0,0,0,0,0,10,1,4,3,3,0,10,0,0,0,0,0,0,0,,0,0,0,0,2,2,0,0,0,0,0,0,0,"DF,FW",Match Report
576,José Sá,0,23,1,0,0,37,0,2025-05-25,32-128,pt POR,Wolves,,Brentford,eng Premier League,D 1-1,Y,89,0,0,0,0,0,0,0,0,,,0,,,0,23,37,62.2,1,3,0,0,0,562,346,7,7,100.0,11,11,100.0,5,19,26.3,1,1,0,0,0,0,0,0,0,0,0,0,0,0,37,31,37,0,0,0,37,0,0,0,0,0,0,0,,0,0,0,0,0,0,0,0,0,0,0,0,1,GK,Match Report
577,Rayan Aït-Nouri,1,41,3,0,0,56,3,2025-05-25,23-353,dz ALG,Wolves,,Brentford,eng Premier League,D 1-1,Y,64,0,0,0,0,0,0,0,1,0.0,0.0,1,100.0,13.2,0,41,44,93.2,3,3,1,1,1,544,168,29,29,100.0,10,12,83.3,1,1,100.0,3,3,0,0,0,0,0,0,0,0,0,0,0,0,56,6,17,16,24,5,56,3,2,1,1,1,2,2,100.0,0,0,0,0,1,4,3,1,0,0,0,0,1,DF,Match Report
578,Nélson Semedo,2,41,5,0,1,58,2,2025-05-25,31-190,pt POR,Wolves,,Brentford,eng Premier League,D 1-1,Y,90,0,0,0,0,0,0,0,2,0.0,0.0,1,50.0,27.6,0,41,49,83.7,2,4,1,1,3,584,255,28,30,93.3,9,9,100.0,3,7,42.9,5,4,0,1,0,0,0,0,0,0,0,0,0,0,58,3,14,24,21,1,58,2,2,1,0,1,2,2,100.0,0,1,0,1,0,2,3,0,1,0,0,3,1,DF,Match Report
579,Matt Doherty,0,36,1,0,0,51,1,2025-05-25,33-129,ie IRL,Wolves,,Brentford,eng Premier League,D 1-1,Y,86,0,0,0,0,0,0,0,0,,,0,,,0,36,41,87.8,1,3,0,0,2,619,243,15,17,88.2,17,17,100.0,3,5,60.0,1,1,0,0,0,0,0,0,0,0,0,0,0,0,51,2,24,21,6,0,51,1,1,0,1,0,1,1,100.0,0,1,0,1,0,1,7,0,0,0,0,0,0,DF,Match Report
580,Matheus Cunha,8,35,5,0,0,71,2,2025-05-25,25-363,br BRA,Wolves,,Brentford,eng Premier League,D 1-1,Y,90,0,0,0,0,0,0,0,8,0.0,0.0,3,37.5,21.4,0,35,52,67.3,1,1,2,0,4,467,105,24,28,85.7,7,9,77.8,2,9,22.2,5,3,1,1,0,0,0,0,0,0,0,0,0,0,71,0,5,23,43,9,71,2,1,0,1,1,1,2,50.0,1,0,0,0,0,2,0,0,0,0,0,0,0,"MF,FW",Match Report
581,Gonçalo Guedes,2,25,5,0,0,38,1,2025-05-25,28-177,pt POR,Wolves,,Brentford,eng Premier League,D 1-1,Y,64,0,0,0,0,0,0,0,2,0.0,,0,0.0,11.9,0,25,31,80.6,3,3,0,0,5,370,113,15,15,100.0,7,10,70.0,2,2,100.0,5,5,0,0,0,0,0,0,0,0,0,0,0,0,38,0,0,10,28,5,38,1,0,0,1,0,0,0,,0,0,0,0,0,1,0,0,0,0,0,0,1,"MF,FW",Match Report
582,André,1,44,3,0,0,52,2,2025-05-25,23-313,br BRA,Wolves,,Brentford,eng Premier League,D 1-1,Y,90,0,0,0,0,0,0,0,1,0.0,,0,0.0,26.8,0,44,45,97.8,2,5,1,0,7,672,233,27,27,100.0,14,14,100.0,3,3,100.0,3,3,0,0,0,0,0,0,0,0,0,0,0,0,52,0,14,28,10,0,52,2,1,1,0,1,1,1,100.0,0,0,0,0,0,2,0,0,0,0,0,0,1,MF,Match Report
583,Santiago Bueno,0,0,0,0,0,2,1,2025-05-25,26-197,uy URU,Wolves,,Brentford,eng Premier League,D 1-1,N,4,0,0,0,0,0,0,0,0,,,0,,,0,0,0,,0,0,0,0,0,0,0,0,0,,0,0,,0,0,,0,0,0,0,0,0,0,0,0,0,0,0,0,0,2,1,2,0,0,0,2,1,0,1,0,0,0,0,,0,1,1,0,0,1,0,0,0,0,0,0,0,DF,Match Report
584,Toti Gomes,0,26,0,0,0,43,1,2025-05-25,26-129,pt POR,Wolves,,Brentford,eng Premier League,D 1-1,Y,90,0,0,0,0,0,0,0,0,,,0,,,0,26,33,78.8,0,2,0,0,4,423,141,12,12,100.0,10,15,66.7,2,2,100.0,0,0,0,0,0,0,0,0,0,0,0,0,0,0,43,3,16,23,4,1,43,1,1,0,1,0,1,1,100.0,0,0,0,0,1,2,3,0,0,0,0,0,1,DF,Match Report
585,Jørgen Strand Larsen,0,3,2,1,0,9,0,2025-05-25,25-108,no NOR,Wolves,,Brentford,eng Premier League,D 1-1,N,26,0,1,1,0,0,0,0,0,,,0,,,0,3,5,60.0,1,0,0,0,0,17,9,2,3,66.7,0,0,,0,0,,2,2,0,0,0,0,0,1,1,0,0,0,0,0,9,1,1,2,6,1,9,0,0,0,0,0,0,0,,0,0,0,0,0,0,1,0,0,0,0,0,0,FW,Match Report
